Country Name,Country Code,Series Name,Series Code,2020 [YR2020],データソース_dataset1,データソース_dataset2
Afghanistan,AFG,Access to clean fuels and technologies for cooking (% of population),EG.CFT.ACCS.ZS,33.8,データセット1,データセット2
Afghanistan,AFG,GDP (current US$),NY.GDP.MKTP.CD,19955929052.1496,,データセット2
Africa Eastern and Southern,AFE,Access to clean fuels and technologies for cooking (% of population),EG.CFT.ACCS.ZS,20.8288135627805,データセット1,データセット2
Africa Eastern and Southern,AFE,GDP (current US$),NY.GDP.MKTP.CD,933391782089.617,,データセット2
Africa Western and Central,AFW,Access to clean fuels and technologies for cooking (% of population),EG.CFT.ACCS.ZS,18.8010084287976,データセット1,データセット2
Africa Western and Central,AFW,GDP (current US$),NY.GDP.MKTP.CD,789801651563.294,,データセット2
Albania,ALB,Access to clean fuels and technologies for cooking (% of population),EG.CFT.ACCS.ZS,83.1,データセット1,データセット2
Albania,ALB,GDP (current US$),NY.GDP.MKTP.CD,15241458744.8688,,データセット2
Algeria,DZA,Access to clean fuels and technologies for cooking (% of population),EG.CFT.ACCS.ZS,99.7,データセット1,データセット2
Algeria,DZA,GDP (current US$),NY.GDP.MKTP.CD,164873415325.201,,データセット2
American Samoa,ASM,Access to clean fuels and technologies for cooking (% of population),EG.CFT.ACCS.ZS,..,データセット1,データセット2
American Samoa,ASM,GDP (current US$),NY.GDP.MKTP.CD,721000000,,データセット2
Andorra,AND,Access to clean fuels and technologies for cooking (% of population),EG.CFT.ACCS.ZS,100,データセット1,データセット2
Andorra,AND,GDP (current US$),NY.GDP.MKTP.CD,2891001149.3611,,データセット2
Angola,AGO,Access to clean fuels and technologies for cooking (% of population),EG.CFT.ACCS.ZS,49.7,データセット1,データセット2
Angola,AGO,GDP (current US$),NY.GDP.MKTP.CD,48501561203.5686,,データセット2
Antigua and Barbuda,ATG,Access to clean fuels and technologies for cooking (% of population),EG.CFT.ACCS.ZS,100,データセット1,データセット2
Antigua and Barbuda,ATG,GDP (current US$),NY.GDP.MKTP.CD,1410796296.2963,,データセット2
Arab World,ARB,Access to clean fuels and technologies for cooking (% of population),EG.CFT.ACCS.ZS,86.5030985484257,データセット1,データセット2
Arab World,ARB,GDP (current US$),NY.GDP.MKTP.CD,2562783626987.73,,データセット2
Argentina,ARG,Access to clean fuels and technologies for cooking (% of population),EG.CFT.ACCS.ZS,99.9,データセット1,データセット2
Argentina,ARG,GDP (current US$),NY.GDP.MKTP.CD,385740508436.965,,データセット2
Armenia,ARM,Access to clean fuels and technologies for cooking (% of population),EG.CFT.ACCS.ZS,97.9,データセット1,データセット2
Armenia,ARM,GDP (current US$),NY.GDP.MKTP.CD,12641698583.2152,,データセット2
Aruba,ABW,Access to clean fuels and technologies for cooking (% of population),EG.CFT.ACCS.ZS,..,データセット1,データセット2
Aruba,ABW,GDP (current US$),NY.GDP.MKTP.CD,2481857122.8401,,データセット2
Australia,AUS,Access to clean fuels and technologies for cooking (% of population),EG.CFT.ACCS.ZS,100,データセット1,データセット2
Australia,AUS,GDP (current US$),NY.GDP.MKTP.CD,1328414058378.38,,データセット2
Austria,AUT,Access to clean fuels and technologies for cooking (% of population),EG.CFT.ACCS.ZS,100,データセット1,データセット2
Austria,AUT,GDP (current US$),NY.GDP.MKTP.CD,434397601557.696,,データセット2
Azerbaijan,AZE,Access to clean fuels and technologies for cooking (% of population),EG.CFT.ACCS.ZS,98.1,データセット1,データセット2
Azerbaijan,AZE,GDP (current US$),NY.GDP.MKTP.CD,42693000000,,データセット2
"Bahamas, The",BHS,Access to clean fuels and technologies for cooking (% of population),EG.CFT.ACCS.ZS,100,データセット1,データセット2
"Bahamas, The",BHS,GDP (current US$),NY.GDP.MKTP.CD,9958200000,,データセット2
Bahrain,BHR,Access to clean fuels and technologies for cooking (% of population),EG.CFT.ACCS.ZS,100,データセット1,データセット2
Bahrain,BHR,GDP (current US$),NY.GDP.MKTP.CD,35837632978.7234,,データセット2
Bangladesh,BGD,Access to clean fuels and technologies for cooking (% of population),EG.CFT.ACCS.ZS,24.9,データセット1,データセット2
Bangladesh,BGD,GDP (current US$),NY.GDP.MKTP.CD,373979442362.193,,データセット2
Barbados,BRB,Access to clean fuels and technologies for cooking (% of population),EG.CFT.ACCS.ZS,100,データセット1,データセット2
Barbados,BRB,GDP (current US$),NY.GDP.MKTP.CD,5168344450,,データセット2
Belarus,BLR,Access to clean fuels and technologies for cooking (% of population),EG.CFT.ACCS.ZS,99.7,データセット1,データセット2
Belarus,BLR,GDP (current US$),NY.GDP.MKTP.CD,61371755326.2351,,データセット2
Belgium,BEL,Access to clean fuels and technologies for cooking (% of population),EG.CFT.ACCS.ZS,100,データセット1,データセット2
Belgium,BEL,GDP (current US$),NY.GDP.MKTP.CD,529694473501.791,,データセット2
Belize,BLZ,Access to clean fuels and technologies for cooking (% of population),EG.CFT.ACCS.ZS,82.9,データセット1,データセット2
Belize,BLZ,GDP (current US$),NY.GDP.MKTP.CD,2042850000,,データセット2
Benin,BEN,Access to clean fuels and technologies for cooking (% of population),EG.CFT.ACCS.ZS,5.7,データセット1,データセット2
Benin,BEN,GDP (current US$),NY.GDP.MKTP.CD,15651545208.8783,,データセット2
Bermuda,BMU,Access to clean fuels and technologies for cooking (% of population),EG.CFT.ACCS.ZS,..,データセット1,データセット2
Bermuda,BMU,GDP (current US$),NY.GDP.MKTP.CD,6887147000,,データセット2
Bhutan,BTN,Access to clean fuels and technologies for cooking (% of population),EG.CFT.ACCS.ZS,86,データセット1,データセット2
Bhutan,BTN,GDP (current US$),NY.GDP.MKTP.CD,2457604334.15915,,データセット2
Bolivia,BOL,Access to clean fuels and technologies for cooking (% of population),EG.CFT.ACCS.ZS,87.4,データセット1,データセット2
Bolivia,BOL,GDP (current US$),NY.GDP.MKTP.CD,36629843805.0216,,データセット2
Bosnia and Herzegovina,BIH,Access to clean fuels and technologies for cooking (% of population),EG.CFT.ACCS.ZS,40.85,データセット1,データセット2
Bosnia and Herzegovina,BIH,GDP (current US$),NY.GDP.MKTP.CD,20226036564.4129,,データセット2
Botswana,BWA,Access to clean fuels and technologies for cooking (% of population),EG.CFT.ACCS.ZS,64.8,データセット1,データセット2
Botswana,BWA,GDP (current US$),NY.GDP.MKTP.CD,14960291105.9316,,データセット2
Brazil,BRA,Access to clean fuels and technologies for cooking (% of population),EG.CFT.ACCS.ZS,96.4,データセット1,データセット2
Brazil,BRA,GDP (current US$),NY.GDP.MKTP.CD,1476107231194.11,,データセット2
British Virgin Islands,VGB,Access to clean fuels and technologies for cooking (% of population),EG.CFT.ACCS.ZS,..,データセット1,データセット2
British Virgin Islands,VGB,GDP (current US$),NY.GDP.MKTP.CD,..,,データセット2
Brunei Darussalam,BRN,Access to clean fuels and technologies for cooking (% of population),EG.CFT.ACCS.ZS,100,データセット1,データセット2
Brunei Darussalam,BRN,GDP (current US$),NY.GDP.MKTP.CD,12005799664.2691,,データセット2
Bulgaria,BGR,Access to clean fuels and technologies for cooking (% of population),EG.CFT.ACCS.ZS,..,データセット1,データセット2
Bulgaria,BGR,GDP (current US$),NY.GDP.MKTP.CD,70716821234.5967,,データセット2
Burkina Faso,BFA,Access to clean fuels and technologies for cooking (% of population),EG.CFT.ACCS.ZS,14.5,データセット1,データセット2
Burkina Faso,BFA,GDP (current US$),NY.GDP.MKTP.CD,17725010532.5268,,データセット2
Burundi,BDI,Access to clean fuels and technologies for cooking (% of population),EG.CFT.ACCS.ZS,0.1,データセット1,データセット2
Burundi,BDI,GDP (current US$),NY.GDP.MKTP.CD,2649680261.44299,,データセット2
Cabo Verde,CPV,Access to clean fuels and technologies for cooking (% of population),EG.CFT.ACCS.ZS,81.1,データセット1,データセット2
Cabo Verde,CPV,GDP (current US$),NY.GDP.MKTP.CD,1821565617.6945,,データセット2
Cambodia,KHM,Access to clean fuels and technologies for cooking (% of population),EG.CFT.ACCS.ZS,41.3,データセット1,データセット2
Cambodia,KHM,GDP (current US$),NY.GDP.MKTP.CD,34818073901.4851,,データセット2
Cameroon,CMR,Access to clean fuels and technologies for cooking (% of population),EG.CFT.ACCS.ZS,27.4,データセット1,データセット2
Cameroon,CMR,GDP (current US$),NY.GDP.MKTP.CD,40773241177.0505,,データセット2
Canada,CAN,Access to clean fuels and technologies for cooking (% of population),EG.CFT.ACCS.ZS,100,データセット1,データセット2
Canada,CAN,GDP (current US$),NY.GDP.MKTP.CD,1655684730000.19,,データセット2
Caribbean small states,CSS,Access to clean fuels and technologies for cooking (% of population),EG.CFT.ACCS.ZS,95.373923543375,データセット1,データセット2
Caribbean small states,CSS,GDP (current US$),NY.GDP.MKTP.CD,31763210392.7783,,データセット2
Cayman Islands,CYM,Access to clean fuels and technologies for cooking (% of population),EG.CFT.ACCS.ZS,..,データセット1,データセット2
Cayman Islands,CYM,GDP (current US$),NY.GDP.MKTP.CD,5655358021.43209,,データセット2
Central African Republic,CAF,Access to clean fuels and technologies for cooking (% of population),EG.CFT.ACCS.ZS,0.9,データセット1,データセット2
Central African Republic,CAF,GDP (current US$),NY.GDP.MKTP.CD,2326720900.38047,,データセット2
Central Europe and the Baltics,CEB,Access to clean fuels and technologies for cooking (% of population),EG.CFT.ACCS.ZS,100,データセット1,データセット2
Central Europe and the Baltics,CEB,GDP (current US$),NY.GDP.MKTP.CD,1678756939339.66,,データセット2
Chad,TCD,Access to clean fuels and technologies for cooking (% of population),EG.CFT.ACCS.ZS,7.5,データセット1,データセット2
Chad,TCD,GDP (current US$),NY.GDP.MKTP.CD,10715396042.3343,,データセット2
Channel Islands,CHI,Access to clean fuels and technologies for cooking (% of population),EG.CFT.ACCS.ZS,..,データセット1,データセット2
Channel Islands,CHI,GDP (current US$),NY.GDP.MKTP.CD,9439810775.67214,,データセット2
Chile,CHL,Access to clean fuels and technologies for cooking (% of population),EG.CFT.ACCS.ZS,100,データセット1,データセット2
Chile,CHL,GDP (current US$),NY.GDP.MKTP.CD,254042159309.311,,データセット2
China,CHN,Access to clean fuels and technologies for cooking (% of population),EG.CFT.ACCS.ZS,83.8,データセット1,データセット2
China,CHN,GDP (current US$),NY.GDP.MKTP.CD,14687744162801,,データセット2
Colombia,COL,Access to clean fuels and technologies for cooking (% of population),EG.CFT.ACCS.ZS,92.6,データセット1,データセット2
Colombia,COL,GDP (current US$),NY.GDP.MKTP.CD,270348342541.465,,データセット2
Comoros,COM,Access to clean fuels and technologies for cooking (% of population),EG.CFT.ACCS.ZS,8.3,データセット1,データセット2
Comoros,COM,GDP (current US$),NY.GDP.MKTP.CD,1225039196.61091,,データセット2
"Congo, Dem. Rep.",COD,Access to clean fuels and technologies for cooking (% of population),EG.CFT.ACCS.ZS,4.1,データセット1,データセット2
"Congo, Dem. Rep.",COD,GDP (current US$),NY.GDP.MKTP.CD,48716961860.1325,,データセット2
"Congo, Rep.",COG,Access to clean fuels and technologies for cooking (% of population),EG.CFT.ACCS.ZS,35.9,データセット1,データセット2
"Congo, Rep.",COG,GDP (current US$),NY.GDP.MKTP.CD,11468687464.0046,,データセット2
Costa Rica,CRI,Access to clean fuels and technologies for cooking (% of population),EG.CFT.ACCS.ZS,95.9,データセット1,データセット2
Costa Rica,CRI,GDP (current US$),NY.GDP.MKTP.CD,62395610760.0492,,データセット2
Cote d'Ivoire,CIV,Access to clean fuels and technologies for cooking (% of population),EG.CFT.ACCS.ZS,37.4,データセット1,データセット2
Cote d'Ivoire,CIV,GDP (current US$),NY.GDP.MKTP.CD,63027852805.4204,,データセット2
Croatia,HRV,Access to clean fuels and technologies for cooking (% of population),EG.CFT.ACCS.ZS,100,データセット1,データセット2
Croatia,HRV,GDP (current US$),NY.GDP.MKTP.CD,57963370885.0798,,データセット2
Cuba,CUB,Access to clean fuels and technologies for cooking (% of population),EG.CFT.ACCS.ZS,94.7,データセット1,データセット2
Cuba,CUB,GDP (current US$),NY.GDP.MKTP.CD,107351800000,,データセット2
Curacao,CUW,Access to clean fuels and technologies for cooking (% of population),EG.CFT.ACCS.ZS,..,データセット1,データセット2
Curacao,CUW,GDP (current US$),NY.GDP.MKTP.CD,2534327597.76536,,データセット2
Cyprus,CYP,Access to clean fuels and technologies for cooking (% of population),EG.CFT.ACCS.ZS,100,データセット1,データセット2
Cyprus,CYP,GDP (current US$),NY.GDP.MKTP.CD,25555093854.2968,,データセット2
Czechia,CZE,Access to clean fuels and technologies for cooking (% of population),EG.CFT.ACCS.ZS,100,データセット1,データセット2
Czechia,CZE,GDP (current US$),NY.GDP.MKTP.CD,251109660602.536,,データセット2
Data from database: World Development Indicators,,,,,データセット1,データセット2
Denmark,DNK,Access to clean fuels and technologies for cooking (% of population),EG.CFT.ACCS.ZS,100,データセット1,データセット2
Denmark,DNK,GDP (current US$),NY.GDP.MKTP.CD,355631021931.621,,データセット2
Djibouti,DJI,Access to clean fuels and technologies for cooking (% of population),EG.CFT.ACCS.ZS,10.1,データセット1,データセット2
Djibouti,DJI,GDP (current US$),NY.GDP.MKTP.CD,3185150981.03207,,データセット2
Dominica,DMA,Access to clean fuels and technologies for cooking (% of population),EG.CFT.ACCS.ZS,87.55,データセット1,データセット2
Dominica,DMA,GDP (current US$),NY.GDP.MKTP.CD,504214814.814815,,データセット2
Dominican Republic,DOM,Access to clean fuels and technologies for cooking (% of population),EG.CFT.ACCS.ZS,91.9,データセット1,データセット2
Dominican Republic,DOM,GDP (current US$),NY.GDP.MKTP.CD,78844656298.1776,,データセット2
Early-demographic dividend,EAR,Access to clean fuels and technologies for cooking (% of population),EG.CFT.ACCS.ZS,66.2612747553481,データセット1,データセット2
Early-demographic dividend,EAR,GDP (current US$),NY.GDP.MKTP.CD,11006437195990.5,,データセット2
East Asia & Pacific,EAS,Access to clean fuels and technologies for cooking (% of population),EG.CFT.ACCS.ZS,81.808261845558,データセット1,データセット2
East Asia & Pacific,EAS,GDP (current US$),NY.GDP.MKTP.CD,27163485040463.8,,データセット2
East Asia & Pacific (IDA & IBRD countries),TEA,Access to clean fuels and technologies for cooking (% of population),EG.CFT.ACCS.ZS,80.8091078108228,データセット1,データセット2
East Asia & Pacific (IDA & IBRD countries),TEA,GDP (current US$),NY.GDP.MKTP.CD,17474730731538.4,,データセット2
East Asia & Pacific (excluding high income),EAP,Access to clean fuels and technologies for cooking (% of population),EG.CFT.ACCS.ZS,79.9655335479399,データセット1,データセット2
East Asia & Pacific (excluding high income),EAP,GDP (current US$),NY.GDP.MKTP.CD,17496305186280.5,,データセット2
Ecuador,ECU,Access to clean fuels and technologies for cooking (% of population),EG.CFT.ACCS.ZS,94.4,データセット1,データセット2
Ecuador,ECU,GDP (current US$),NY.GDP.MKTP.CD,95865472000,,データセット2
"Egypt, Arab Rep.",EGY,Access to clean fuels and technologies for cooking (% of population),EG.CFT.ACCS.ZS,99.9,データセット1,データセット2
"Egypt, Arab Rep.",EGY,GDP (current US$),NY.GDP.MKTP.CD,383817841547.099,,データセット2
El Salvador,SLV,Access to clean fuels and technologies for cooking (% of population),EG.CFT.ACCS.ZS,91.9,データセット1,データセット2
El Salvador,SLV,GDP (current US$),NY.GDP.MKTP.CD,24921190000,,データセット2
Equatorial Guinea,GNQ,Access to clean fuels and technologies for cooking (% of population),EG.CFT.ACCS.ZS,22.8,データセット1,データセット2
Equatorial Guinea,GNQ,GDP (current US$),NY.GDP.MKTP.CD,9893816007.7398,,データセット2
Eritrea,ERI,Access to clean fuels and technologies for cooking (% of population),EG.CFT.ACCS.ZS,10.4,データセット1,データセット2
Eritrea,ERI,GDP (current US$),NY.GDP.MKTP.CD,..,,データセット2
Estonia,EST,Access to clean fuels and technologies for cooking (% of population),EG.CFT.ACCS.ZS,100,データセット1,データセット2
Estonia,EST,GDP (current US$),NY.GDP.MKTP.CD,31820771493.8974,,データセット2
Eswatini,SWZ,Access to clean fuels and technologies for cooking (% of population),EG.CFT.ACCS.ZS,48.6,データセット1,データセット2
Eswatini,SWZ,GDP (current US$),NY.GDP.MKTP.CD,4105756862.55271,,データセット2
Ethiopia,ETH,Access to clean fuels and technologies for cooking (% of population),EG.CFT.ACCS.ZS,7.4,データセット1,データセット2
Ethiopia,ETH,GDP (current US$),NY.GDP.MKTP.CD,107657734392.446,,データセット2
Euro area,EMU,Access to clean fuels and technologies for cooking (% of population),EG.CFT.ACCS.ZS,100,データセット1,データセット2
Euro area,EMU,GDP (current US$),NY.GDP.MKTP.CD,13266857904728,,データセット2
Europe & Central Asia,ECS,Access to clean fuels and technologies for cooking (% of population),EG.CFT.ACCS.ZS,97.4732601517091,データセット1,データセット2
Europe & Central Asia,ECS,GDP (current US$),NY.GDP.MKTP.CD,22286624242751.4,,データセット2
Europe & Central Asia (IDA & IBRD countries),TEC,Access to clean fuels and technologies for cooking (% of population),EG.CFT.ACCS.ZS,94.9156992476623,データセット1,データセット2
Europe & Central Asia (IDA & IBRD countries),TEC,GDP (current US$),NY.GDP.MKTP.CD,3916846154218.45,,データセット2
Europe & Central Asia (excluding high income),ECA,Access to clean fuels and technologies for cooking (% of population),EG.CFT.ACCS.ZS,91.0506967299705,データセット1,データセット2
Europe & Central Asia (excluding high income),ECA,GDP (current US$),NY.GDP.MKTP.CD,1437142037120.74,,データセット2
European Union,EUU,Access to clean fuels and technologies for cooking (% of population),EG.CFT.ACCS.ZS,100,データセット1,データセット2
European Union,EUU,GDP (current US$),NY.GDP.MKTP.CD,15504700009593,,データセット2
Faroe Islands,FRO,Access to clean fuels and technologies for cooking (% of population),EG.CFT.ACCS.ZS,..,データセット1,データセット2
Faroe Islands,FRO,GDP (current US$),NY.GDP.MKTP.CD,3271813311.5831,,データセット2
Fiji,FJI,Access to clean fuels and technologies for cooking (% of population),EG.CFT.ACCS.ZS,51.8,データセット1,データセット2
Fiji,FJI,GDP (current US$),NY.GDP.MKTP.CD,4432466237.09588,,データセット2
Finland,FIN,Access to clean fuels and technologies for cooking (% of population),EG.CFT.ACCS.ZS,100,データセット1,データセット2
Finland,FIN,GDP (current US$),NY.GDP.MKTP.CD,270000311606.226,,データセット2
Fragile and conflict affected situations,FCS,Access to clean fuels and technologies for cooking (% of population),EG.CFT.ACCS.ZS,29.8820117258216,データセット1,データセット2
Fragile and conflict affected situations,FCS,GDP (current US$),NY.GDP.MKTP.CD,1675406927630.4,,データセット2
France,FRA,Access to clean fuels and technologies for cooking (% of population),EG.CFT.ACCS.ZS,100,データセット1,データセット2
France,FRA,GDP (current US$),NY.GDP.MKTP.CD,2647926055110.05,,データセット2
French Polynesia,PYF,Access to clean fuels and technologies for cooking (% of population),EG.CFT.ACCS.ZS,..,データセット1,データセット2
French Polynesia,PYF,GDP (current US$),NY.GDP.MKTP.CD,5792545870.80614,,データセット2
Gabon,GAB,Access to clean fuels and technologies for cooking (% of population),EG.CFT.ACCS.ZS,90,データセット1,データセット2
Gabon,GAB,GDP (current US$),NY.GDP.MKTP.CD,15342236163.9864,,データセット2
"Gambia, The",GMB,Access to clean fuels and technologies for cooking (% of population),EG.CFT.ACCS.ZS,1.8,データセット1,データセット2
"Gambia, The",GMB,GDP (current US$),NY.GDP.MKTP.CD,1812170891.19069,,データセット2
Georgia,GEO,Access to clean fuels and technologies for cooking (% of population),EG.CFT.ACCS.ZS,89.6,データセット1,データセット2
Georgia,GEO,GDP (current US$),NY.GDP.MKTP.CD,16010869215.68,,データセット2
Germany,DEU,Access to clean fuels and technologies for cooking (% of population),EG.CFT.ACCS.ZS,100,データセット1,データセット2
Germany,DEU,GDP (current US$),NY.GDP.MKTP.CD,3940142541354.1,,データセット2
Ghana,GHA,Access to clean fuels and technologies for cooking (% of population),EG.CFT.ACCS.ZS,28.3,データセット1,データセット2
Ghana,GHA,GDP (current US$),NY.GDP.MKTP.CD,70043099675.68,,データセット2
Gibraltar,GIB,Access to clean fuels and technologies for cooking (% of population),EG.CFT.ACCS.ZS,..,データセット1,データセット2
Gibraltar,GIB,GDP (current US$),NY.GDP.MKTP.CD,..,,データセット2
Greece,GRC,Access to clean fuels and technologies for cooking (% of population),EG.CFT.ACCS.ZS,100,データセット1,データセット2
Greece,GRC,GDP (current US$),NY.GDP.MKTP.CD,191362985554.861,,データセット2
Greenland,GRL,Access to clean fuels and technologies for cooking (% of population),EG.CFT.ACCS.ZS,..,データセット1,データセット2
Greenland,GRL,GDP (current US$),NY.GDP.MKTP.CD,3082884653.2456,,データセット2
Grenada,GRD,Access to clean fuels and technologies for cooking (% of population),EG.CFT.ACCS.ZS,86.7,データセット1,データセット2
Grenada,GRD,GDP (current US$),NY.GDP.MKTP.CD,1043411111.11111,,データセット2
Guam,GUM,Access to clean fuels and technologies for cooking (% of population),EG.CFT.ACCS.ZS,..,データセット1,データセット2
Guam,GUM,GDP (current US$),NY.GDP.MKTP.CD,5916000000,,データセット2
Guatemala,GTM,Access to clean fuels and technologies for cooking (% of population),EG.CFT.ACCS.ZS,44,データセット1,データセット2
Guatemala,GTM,GDP (current US$),NY.GDP.MKTP.CD,77719464220.73,,データセット2
Guinea,GIN,Access to clean fuels and technologies for cooking (% of population),EG.CFT.ACCS.ZS,1,データセット1,データセット2
Guinea,GIN,GDP (current US$),NY.GDP.MKTP.CD,14088693742.9464,,データセット2
Guinea-Bissau,GNB,Access to clean fuels and technologies for cooking (% of population),EG.CFT.ACCS.ZS,1,データセット1,データセット2
Guinea-Bissau,GNB,GDP (current US$),NY.GDP.MKTP.CD,1646400349.84867,,データセット2
Guyana,GUY,Access to clean fuels and technologies for cooking (% of population),EG.CFT.ACCS.ZS,100,データセット1,データセット2
Guyana,GUY,GDP (current US$),NY.GDP.MKTP.CD,5471256594.72422,,データセット2
Haiti,HTI,Access to clean fuels and technologies for cooking (% of population),EG.CFT.ACCS.ZS,4.3,データセット1,データセット2
Haiti,HTI,GDP (current US$),NY.GDP.MKTP.CD,14508222518.3018,,データセット2
Heavily indebted poor countries (HIPC),HPC,Access to clean fuels and technologies for cooking (% of population),EG.CFT.ACCS.ZS,15.2669748229968,データセット1,データセット2
Heavily indebted poor countries (HIPC),HPC,GDP (current US$),NY.GDP.MKTP.CD,813139899187.275,,データセット2
High income,HIC,Access to clean fuels and technologies for cooking (% of population),EG.CFT.ACCS.ZS,99.9343544436914,データセット1,データセット2
High income,HIC,GDP (current US$),NY.GDP.MKTP.CD,55946257620087,,データセット2
Honduras,HND,Access to clean fuels and technologies for cooking (% of population),EG.CFT.ACCS.ZS,48.9,データセット1,データセット2
Honduras,HND,GDP (current US$),NY.GDP.MKTP.CD,23352232483.755,,データセット2
"Hong Kong SAR, China",HKG,Access to clean fuels and technologies for cooking (% of population),EG.CFT.ACCS.ZS,..,データセット1,データセット2
"Hong Kong SAR, China",HKG,GDP (current US$),NY.GDP.MKTP.CD,344943149590.058,,データセット2
Hungary,HUN,Access to clean fuels and technologies for cooking (% of population),EG.CFT.ACCS.ZS,100,データセット1,データセット2
Hungary,HUN,GDP (current US$),NY.GDP.MKTP.CD,157288955508.176,,データセット2
IBRD only,IBD,Access to clean fuels and technologies for cooking (% of population),EG.CFT.ACCS.ZS,81.3468647773692,データセット1,データセット2
IBRD only,IBD,GDP (current US$),NY.GDP.MKTP.CD,30114868724300.2,,データセット2
IDA & IBRD total,IBT,Access to clean fuels and technologies for cooking (% of population),EG.CFT.ACCS.ZS,66.5193716657744,データセット1,データセット2
IDA & IBRD total,IBT,GDP (current US$),NY.GDP.MKTP.CD,32566020356731.5,,データセット2
IDA blend,IDB,Access to clean fuels and technologies for cooking (% of population),EG.CFT.ACCS.ZS,36.0834186134673,データセット1,データセット2
IDA blend,IDB,GDP (current US$),NY.GDP.MKTP.CD,1024076691136.99,,データセット2
IDA only,IDX,Access to clean fuels and technologies for cooking (% of population),EG.CFT.ACCS.ZS,21.2063999185077,データセット1,データセット2
IDA only,IDX,GDP (current US$),NY.GDP.MKTP.CD,1426190711693.48,,データセット2
IDA total,IDA,Access to clean fuels and technologies for cooking (% of population),EG.CFT.ACCS.ZS,26.1825926732634,データセット1,データセット2
IDA total,IDA,GDP (current US$),NY.GDP.MKTP.CD,2450267402830.47,,データセット2
Iceland,ISL,Access to clean fuels and technologies for cooking (% of population),EG.CFT.ACCS.ZS,100,データセット1,データセット2
Iceland,ISL,GDP (current US$),NY.GDP.MKTP.CD,21629953194.0659,,データセット2
India,IND,Access to clean fuels and technologies for cooking (% of population),EG.CFT.ACCS.ZS,66.8,データセット1,データセット2
India,IND,GDP (current US$),NY.GDP.MKTP.CD,2674851578587.27,,データセット2
Indonesia,IDN,Access to clean fuels and technologies for cooking (% of population),EG.CFT.ACCS.ZS,84.8,データセット1,データセット2
Indonesia,IDN,GDP (current US$),NY.GDP.MKTP.CD,1059054842711.55,,データセット2
"Iran, Islamic Rep.",IRN,Access to clean fuels and technologies for cooking (% of population),EG.CFT.ACCS.ZS,96.4,データセット1,データセット2
"Iran, Islamic Rep.",IRN,GDP (current US$),NY.GDP.MKTP.CD,262186179355.944,,データセット2
Iraq,IRQ,Access to clean fuels and technologies for cooking (% of population),EG.CFT.ACCS.ZS,99.3,データセット1,データセット2
Iraq,IRQ,GDP (current US$),NY.GDP.MKTP.CD,180898797516.874,,データセット2
Ireland,IRL,Access to clean fuels and technologies for cooking (% of population),EG.CFT.ACCS.ZS,100,データセット1,データセット2
Ireland,IRL,GDP (current US$),NY.GDP.MKTP.CD,436555518400.451,,データセット2
Isle of Man,IMN,Access to clean fuels and technologies for cooking (% of population),EG.CFT.ACCS.ZS,..,データセット1,データセット2
Isle of Man,IMN,GDP (current US$),NY.GDP.MKTP.CD,6684225641.02564,,データセット2
Israel,ISR,Access to clean fuels and technologies for cooking (% of population),EG.CFT.ACCS.ZS,100,データセット1,データセット2
Israel,ISR,GDP (current US$),NY.GDP.MKTP.CD,411728563086.632,,データセット2
Italy,ITA,Access to clean fuels and technologies for cooking (% of population),EG.CFT.ACCS.ZS,100,データセット1,データセット2
Italy,ITA,GDP (current US$),NY.GDP.MKTP.CD,1907481094079.23,,データセット2
Jamaica,JAM,Access to clean fuels and technologies for cooking (% of population),EG.CFT.ACCS.ZS,76.4,データセット1,データセット2
Jamaica,JAM,GDP (current US$),NY.GDP.MKTP.CD,13812421803.4084,,データセット2
Japan,JPN,Access to clean fuels and technologies for cooking (% of population),EG.CFT.ACCS.ZS,100,データセット1,データセット2
Japan,JPN,GDP (current US$),NY.GDP.MKTP.CD,5055587093501.59,,データセット2
Jordan,JOR,Access to clean fuels and technologies for cooking (% of population),EG.CFT.ACCS.ZS,99.9,データセット1,データセット2
Jordan,JOR,GDP (current US$),NY.GDP.MKTP.CD,43700383098.5916,,データセット2
Kazakhstan,KAZ,Access to clean fuels and technologies for cooking (% of population),EG.CFT.ACCS.ZS,93.5,データセット1,データセット2
Kazakhstan,KAZ,GDP (current US$),NY.GDP.MKTP.CD,171082365861.423,,データセット2
Kenya,KEN,Access to clean fuels and technologies for cooking (% of population),EG.CFT.ACCS.ZS,23.6,データセット1,データセット2
Kenya,KEN,GDP (current US$),NY.GDP.MKTP.CD,100657505750.545,,データセット2
Kiribati,KIR,Access to clean fuels and technologies for cooking (% of population),EG.CFT.ACCS.ZS,11.8,データセット1,データセット2
Kiribati,KIR,GDP (current US$),NY.GDP.MKTP.CD,223123620.597516,,データセット2
"Korea, Dem. People's Rep.",PRK,Access to clean fuels and technologies for cooking (% of population),EG.CFT.ACCS.ZS,12.3,データセット1,データセット2
"Korea, Dem. People's Rep.",PRK,GDP (current US$),NY.GDP.MKTP.CD,..,,データセット2
"Korea, Rep.",KOR,Access to clean fuels and technologies for cooking (% of population),EG.CFT.ACCS.ZS,100,データセット1,データセット2
"Korea, Rep.",KOR,GDP (current US$),NY.GDP.MKTP.CD,1644312831906.17,,データセット2
Kosovo,XKX,Access to clean fuels and technologies for cooking (% of population),EG.CFT.ACCS.ZS,..,データセット1,データセット2
Kosovo,XKX,GDP (current US$),NY.GDP.MKTP.CD,7717145217.81247,,データセット2
Kuwait,KWT,Access to clean fuels and technologies for cooking (% of population),EG.CFT.ACCS.ZS,100,データセット1,データセット2
Kuwait,KWT,GDP (current US$),NY.GDP.MKTP.CD,111045470461.207,,データセット2
Kyrgyz Republic,KGZ,Access to clean fuels and technologies for cooking (% of population),EG.CFT.ACCS.ZS,77.1,データセット1,データセット2
Kyrgyz Republic,KGZ,GDP (current US$),NY.GDP.MKTP.CD,8270468614.24051,,データセット2
Lao PDR,LAO,Access to clean fuels and technologies for cooking (% of population),EG.CFT.ACCS.ZS,8.7,データセット1,データセット2
Lao PDR,LAO,GDP (current US$),NY.GDP.MKTP.CD,18981805250.2424,,データセット2
Last Updated: 04/15/2025,,,,,データセット1,データセット2
Late-demographic dividend,LTE,Access to clean fuels and technologies for cooking (% of population),EG.CFT.ACCS.ZS,86.6632988012721,データセット1,データセット2
Late-demographic dividend,LTE,GDP (current US$),NY.GDP.MKTP.CD,22553187301005.7,,データセット2
Latin America & Caribbean,LCN,Access to clean fuels and technologies for cooking (% of population),EG.CFT.ACCS.ZS,88.7565925850242,データセット1,データセット2
Latin America & Caribbean,LCN,GDP (current US$),NY.GDP.MKTP.CD,4805510770575.42,,データセット2
Latin America & Caribbean (excluding high income),LAC,Access to clean fuels and technologies for cooking (% of population),EG.CFT.ACCS.ZS,87.8481918970919,データセット1,データセット2
Latin America & Caribbean (excluding high income),LAC,GDP (current US$),NY.GDP.MKTP.CD,4047055896231.79,,データセット2
Latin America & the Caribbean (IDA & IBRD countries),TLA,Access to clean fuels and technologies for cooking (% of population),EG.CFT.ACCS.ZS,88.6440993553282,データセット1,データセット2
Latin America & the Caribbean (IDA & IBRD countries),TLA,GDP (current US$),NY.GDP.MKTP.CD,4561922258737.73,,データセット2
Latvia,LVA,Access to clean fuels and technologies for cooking (% of population),EG.CFT.ACCS.ZS,100,データセット1,データセット2
Latvia,LVA,GDP (current US$),NY.GDP.MKTP.CD,33379927434.6149,,データセット2
Least developed countries: UN classification,LDC,Access to clean fuels and technologies for cooking (% of population),EG.CFT.ACCS.ZS,18.2886944249659,データセット1,データセット2
Least developed countries: UN classification,LDC,GDP (current US$),NY.GDP.MKTP.CD,1172274838994.17,,データセット2
Lebanon,LBN,Access to clean fuels and technologies for cooking (% of population),EG.CFT.ACCS.ZS,..,データセット1,データセット2
Lebanon,LBN,GDP (current US$),NY.GDP.MKTP.CD,31712128253.7961,,データセット2
Lesotho,LSO,Access to clean fuels and technologies for cooking (% of population),EG.CFT.ACCS.ZS,40.2,データセット1,データセット2
Lesotho,LSO,GDP (current US$),NY.GDP.MKTP.CD,2053699870.07191,,データセット2
Liberia,LBR,Access to clean fuels and technologies for cooking (% of population),EG.CFT.ACCS.ZS,0.7,データセット1,データセット2
Liberia,LBR,GDP (current US$),NY.GDP.MKTP.CD,3176126300,,データセット2
Libya,LBY,Access to clean fuels and technologies for cooking (% of population),EG.CFT.ACCS.ZS,..,データセット1,データセット2
Libya,LBY,GDP (current US$),NY.GDP.MKTP.CD,46854285440.642,,データセット2
Liechtenstein,LIE,Access to clean fuels and technologies for cooking (% of population),EG.CFT.ACCS.ZS,..,データセット1,データセット2
Liechtenstein,LIE,GDP (current US$),NY.GDP.MKTP.CD,6405870210.32293,,データセット2
Lithuania,LTU,Access to clean fuels and technologies for cooking (% of population),EG.CFT.ACCS.ZS,100,データセット1,データセット2
Lithuania,LTU,GDP (current US$),NY.GDP.MKTP.CD,57412038533.2718,,データセット2
Low & middle income,LMY,Access to clean fuels and technologies for cooking (% of population),EG.CFT.ACCS.ZS,65.0014609953229,データセット1,データセット2
Low & middle income,LMY,GDP (current US$),NY.GDP.MKTP.CD,29521428086822.8,,データセット2
Low income,LIC,Access to clean fuels and technologies for cooking (% of population),EG.CFT.ACCS.ZS,15.6992058483296,データセット1,データセット2
Low income,LIC,GDP (current US$),NY.GDP.MKTP.CD,442702142538.41,,データセット2
Lower middle income,LMC,Access to clean fuels and technologies for cooking (% of population),EG.CFT.ACCS.ZS,55.7592489451293,データセット1,データセット2
Lower middle income,LMC,GDP (current US$),NY.GDP.MKTP.CD,6102312002456.38,,データセット2
Luxembourg,LUX,Access to clean fuels and technologies for cooking (% of population),EG.CFT.ACCS.ZS,100,データセット1,データセット2
Luxembourg,LUX,GDP (current US$),NY.GDP.MKTP.CD,73699366700.2134,,データセット2
"Macao SAR, China",MAC,Access to clean fuels and technologies for cooking (% of population),EG.CFT.ACCS.ZS,..,データセット1,データセット2
"Macao SAR, China",MAC,GDP (current US$),NY.GDP.MKTP.CD,25343525935.8358,,データセット2
Madagascar,MDG,Access to clean fuels and technologies for cooking (% of population),EG.CFT.ACCS.ZS,1.35,データセット1,データセット2
Madagascar,MDG,GDP (current US$),NY.GDP.MKTP.CD,13051441203.9474,,データセット2
Malawi,MWI,Access to clean fuels and technologies for cooking (% of population),EG.CFT.ACCS.ZS,1.7,データセット1,データセット2
Malawi,MWI,GDP (current US$),NY.GDP.MKTP.CD,11769313597.8545,,データセット2
Malaysia,MYS,Access to clean fuels and technologies for cooking (% of population),EG.CFT.ACCS.ZS,86.9,データセット1,データセット2
Malaysia,MYS,GDP (current US$),NY.GDP.MKTP.CD,337456163961.211,,データセット2
Maldives,MDV,Access to clean fuels and technologies for cooking (% of population),EG.CFT.ACCS.ZS,99.6,データセット1,データセット2
Maldives,MDV,GDP (current US$),NY.GDP.MKTP.CD,3712604583.36665,,データセット2
Mali,MLI,Access to clean fuels and technologies for cooking (% of population),EG.CFT.ACCS.ZS,1.1,データセット1,データセット2
Mali,MLI,GDP (current US$),NY.GDP.MKTP.CD,17465392764.3706,,データセット2
Malta,MLT,Access to clean fuels and technologies for cooking (% of population),EG.CFT.ACCS.ZS,100,データセット1,データセット2
Malta,MLT,GDP (current US$),NY.GDP.MKTP.CD,16385919535.6742,,データセット2
Marshall Islands,MHL,Access to clean fuels and technologies for cooking (% of population),EG.CFT.ACCS.ZS,64.8,データセット1,データセット2
Marshall Islands,MHL,GDP (current US$),NY.GDP.MKTP.CD,241800000,,データセット2
Mauritania,MRT,Access to clean fuels and technologies for cooking (% of population),EG.CFT.ACCS.ZS,47.3,データセット1,データセット2
Mauritania,MRT,GDP (current US$),NY.GDP.MKTP.CD,8260752385.23089,,データセット2
Mauritius,MUS,Access to clean fuels and technologies for cooking (% of population),EG.CFT.ACCS.ZS,98.9,データセット1,データセット2
Mauritius,MUS,GDP (current US$),NY.GDP.MKTP.CD,11408106446.3144,,データセット2
Mexico,MEX,Access to clean fuels and technologies for cooking (% of population),EG.CFT.ACCS.ZS,85.4,データセット1,データセット2
Mexico,MEX,GDP (current US$),NY.GDP.MKTP.CD,1121064767261.88,,データセット2
"Micronesia, Fed. Sts.",FSM,Access to clean fuels and technologies for cooking (% of population),EG.CFT.ACCS.ZS,13.2,データセット1,データセット2
"Micronesia, Fed. Sts.",FSM,GDP (current US$),NY.GDP.MKTP.CD,372000000,,データセット2
Middle East & North Africa,MEA,Access to clean fuels and technologies for cooking (% of population),EG.CFT.ACCS.ZS,94.7032685010313,データセット1,データセット2
Middle East & North Africa,MEA,GDP (current US$),NY.GDP.MKTP.CD,3207935509914.13,,データセット2
Middle East & North Africa (IDA & IBRD countries),TMN,Access to clean fuels and technologies for cooking (% of population),EG.CFT.ACCS.ZS,93.8593922186611,データセット1,データセット2
Middle East & North Africa (IDA & IBRD countries),TMN,GDP (current US$),NY.GDP.MKTP.CD,1313341152321.83,,データセット2
Middle East & North Africa (excluding high income),MNA,Access to clean fuels and technologies for cooking (% of population),EG.CFT.ACCS.ZS,93.8593922186611,データセット1,データセット2
Middle East & North Africa (excluding high income),MNA,GDP (current US$),NY.GDP.MKTP.CD,1328872852321.83,,データセット2
Middle income,MIC,Access to clean fuels and technologies for cooking (% of population),EG.CFT.ACCS.ZS,70.8391179372623,データセット1,データセット2
Middle income,MIC,GDP (current US$),NY.GDP.MKTP.CD,29078432184056.6,,データセット2
Moldova,MDA,Access to clean fuels and technologies for cooking (% of population),EG.CFT.ACCS.ZS,97.4,データセット1,データセット2
Moldova,MDA,GDP (current US$),NY.GDP.MKTP.CD,11530746234.4492,,データセット2
Monaco,MCO,Access to clean fuels and technologies for cooking (% of population),EG.CFT.ACCS.ZS,100,データセット1,データセット2
Monaco,MCO,GDP (current US$),NY.GDP.MKTP.CD,6730736282.78961,,データセット2
Mongolia,MNG,Access to clean fuels and technologies for cooking (% of population),EG.CFT.ACCS.ZS,51.7,データセット1,データセット2
Mongolia,MNG,GDP (current US$),NY.GDP.MKTP.CD,13312981429.0891,,データセット2
Montenegro,MNE,Access to clean fuels and technologies for cooking (% of population),EG.CFT.ACCS.ZS,62.1,データセット1,データセット2
Montenegro,MNE,GDP (current US$),NY.GDP.MKTP.CD,4769996866.00758,,データセット2
Morocco,MAR,Access to clean fuels and technologies for cooking (% of population),EG.CFT.ACCS.ZS,98.1,データセット1,データセット2
Morocco,MAR,GDP (current US$),NY.GDP.MKTP.CD,121353645057.144,,データセット2
Mozambique,MOZ,Access to clean fuels and technologies for cooking (% of population),EG.CFT.ACCS.ZS,5.2,データセット1,データセット2
Mozambique,MOZ,GDP (current US$),NY.GDP.MKTP.CD,14235420174.1884,,データセット2
Myanmar,MMR,Access to clean fuels and technologies for cooking (% of population),EG.CFT.ACCS.ZS,40.75,データセット1,データセット2
Myanmar,MMR,GDP (current US$),NY.GDP.MKTP.CD,79006113643.1906,,データセット2
Namibia,NAM,Access to clean fuels and technologies for cooking (% of population),EG.CFT.ACCS.ZS,46.9,データセット1,データセット2
Namibia,NAM,GDP (current US$),NY.GDP.MKTP.CD,10583748541.5258,,データセット2
Nauru,NRU,Access to clean fuels and technologies for cooking (% of population),EG.CFT.ACCS.ZS,100,データセット1,データセット2
Nauru,NRU,GDP (current US$),NY.GDP.MKTP.CD,124530027.301054,,データセット2
Nepal,NPL,Access to clean fuels and technologies for cooking (% of population),EG.CFT.ACCS.ZS,36.9,データセット1,データセット2
Nepal,NPL,GDP (current US$),NY.GDP.MKTP.CD,33433659301.2466,,データセット2
Netherlands,NLD,Access to clean fuels and technologies for cooking (% of population),EG.CFT.ACCS.ZS,100,データセット1,データセット2
Netherlands,NLD,GDP (current US$),NY.GDP.MKTP.CD,932560861701.17,,データセット2
New Caledonia,NCL,Access to clean fuels and technologies for cooking (% of population),EG.CFT.ACCS.ZS,..,データセット1,データセット2
New Caledonia,NCL,GDP (current US$),NY.GDP.MKTP.CD,9454629467.91408,,データセット2
New Zealand,NZL,Access to clean fuels and technologies for cooking (% of population),EG.CFT.ACCS.ZS,100,データセット1,データセット2
New Zealand,NZL,GDP (current US$),NY.GDP.MKTP.CD,212697530897.56,,データセット2
Nicaragua,NIC,Access to clean fuels and technologies for cooking (% of population),EG.CFT.ACCS.ZS,56.9,データセット1,データセット2
Nicaragua,NIC,GDP (current US$),NY.GDP.MKTP.CD,12681569254.2815,,データセット2
Niger,NER,Access to clean fuels and technologies for cooking (% of population),EG.CFT.ACCS.ZS,4.3,データセット1,データセット2
Niger,NER,GDP (current US$),NY.GDP.MKTP.CD,13744653103.058,,データセット2
Nigeria,NGA,Access to clean fuels and technologies for cooking (% of population),EG.CFT.ACCS.ZS,19.8,データセット1,データセット2
Nigeria,NGA,GDP (current US$),NY.GDP.MKTP.CD,432198898467.795,,データセット2
North America,NAC,Access to clean fuels and technologies for cooking (% of population),EG.CFT.ACCS.ZS,100,データセット1,データセット2
North America,NAC,GDP (current US$),NY.GDP.MKTP.CD,23016676877000.2,,データセット2
North Macedonia,MKD,Access to clean fuels and technologies for cooking (% of population),EG.CFT.ACCS.ZS,79.6,データセット1,データセット2
North Macedonia,MKD,GDP (current US$),NY.GDP.MKTP.CD,12361036913.8409,,データセット2
Northern Mariana Islands,MNP,Access to clean fuels and technologies for cooking (% of population),EG.CFT.ACCS.ZS,..,データセット1,データセット2
Northern Mariana Islands,MNP,GDP (current US$),NY.GDP.MKTP.CD,866000000,,データセット2
Norway,NOR,Access to clean fuels and technologies for cooking (% of population),EG.CFT.ACCS.ZS,100,データセット1,データセット2
Norway,NOR,GDP (current US$),NY.GDP.MKTP.CD,367633418886.627,,データセット2
Not classified,INX,Access to clean fuels and technologies for cooking (% of population),EG.CFT.ACCS.ZS,..,データセット1,データセット2
Not classified,INX,GDP (current US$),NY.GDP.MKTP.CD,..,,データセット2
OECD members,OED,Access to clean fuels and technologies for cooking (% of population),EG.CFT.ACCS.ZS,98.0741239775589,データセット1,データセット2
OECD members,OED,GDP (current US$),NY.GDP.MKTP.CD,53000805354035.6,,データセット2
Oman,OMN,Access to clean fuels and technologies for cooking (% of population),EG.CFT.ACCS.ZS,100,データセット1,データセット2
Oman,OMN,GDP (current US$),NY.GDP.MKTP.CD,75909492847.8544,,データセット2
Other small states,OSS,Access to clean fuels and technologies for cooking (% of population),EG.CFT.ACCS.ZS,70.2018152929665,データセット1,データセット2
Other small states,OSS,GDP (current US$),NY.GDP.MKTP.CD,181482110538.085,,データセット2
Pacific island small states,PSS,Access to clean fuels and technologies for cooking (% of population),EG.CFT.ACCS.ZS,31.3012227983427,データセット1,データセット2
Pacific island small states,PSS,GDP (current US$),NY.GDP.MKTP.CD,9516738321.20753,,データセット2
Pakistan,PAK,Access to clean fuels and technologies for cooking (% of population),EG.CFT.ACCS.ZS,49.4,データセット1,データセット2
Pakistan,PAK,GDP (current US$),NY.GDP.MKTP.CD,300425609817.981,,データセット2
Palau,PLW,Access to clean fuels and technologies for cooking (% of population),EG.CFT.ACCS.ZS,33.2,データセット1,データセット2
Palau,PLW,GDP (current US$),NY.GDP.MKTP.CD,258990843.75,,データセット2
Panama,PAN,Access to clean fuels and technologies for cooking (% of population),EG.CFT.ACCS.ZS,100,データセット1,データセット2
Panama,PAN,GDP (current US$),NY.GDP.MKTP.CD,57059846500,,データセット2
Papua New Guinea,PNG,Access to clean fuels and technologies for cooking (% of population),EG.CFT.ACCS.ZS,9.6,データセット1,データセット2
Papua New Guinea,PNG,GDP (current US$),NY.GDP.MKTP.CD,23848447849.7467,,データセット2
Paraguay,PRY,Access to clean fuels and technologies for cooking (% of population),EG.CFT.ACCS.ZS,68.3,データセット1,データセット2
Paraguay,PRY,GDP (current US$),NY.GDP.MKTP.CD,35432178068.1814,,データセット2
Peru,PER,Access to clean fuels and technologies for cooking (% of population),EG.CFT.ACCS.ZS,84.8,データセット1,データセット2
Peru,PER,GDP (current US$),NY.GDP.MKTP.CD,201409694755.934,,データセット2
Philippines,PHL,Access to clean fuels and technologies for cooking (% of population),EG.CFT.ACCS.ZS,54.6,データセット1,データセット2
Philippines,PHL,GDP (current US$),NY.GDP.MKTP.CD,361751145451.597,,データセット2
Poland,POL,Access to clean fuels and technologies for cooking (% of population),EG.CFT.ACCS.ZS,100,データセット1,データセット2
Poland,POL,GDP (current US$),NY.GDP.MKTP.CD,605914237903.742,,データセット2
Portugal,PRT,Access to clean fuels and technologies for cooking (% of population),EG.CFT.ACCS.ZS,100,データセット1,データセット2
Portugal,PRT,GDP (current US$),NY.GDP.MKTP.CD,229618773422.577,,データセット2
Post-demographic dividend,PST,Access to clean fuels and technologies for cooking (% of population),EG.CFT.ACCS.ZS,99.5681941051294,データセット1,データセット2
Post-demographic dividend,PST,GDP (current US$),NY.GDP.MKTP.CD,50140842033868,,データセット2
Pre-demographic dividend,PRE,Access to clean fuels and technologies for cooking (% of population),EG.CFT.ACCS.ZS,20.4701714594134,データセット1,データセット2
Pre-demographic dividend,PRE,GDP (current US$),NY.GDP.MKTP.CD,1311363780282.47,,データセット2
Puerto Rico,PRI,Access to clean fuels and technologies for cooking (% of population),EG.CFT.ACCS.ZS,..,データセット1,データセット2
Puerto Rico,PRI,GDP (current US$),NY.GDP.MKTP.CD,103130900000,,データセット2
Qatar,QAT,Access to clean fuels and technologies for cooking (% of population),EG.CFT.ACCS.ZS,100,データセット1,データセット2
Qatar,QAT,GDP (current US$),NY.GDP.MKTP.CD,144411363345.27,,データセット2
Romania,ROU,Access to clean fuels and technologies for cooking (% of population),EG.CFT.ACCS.ZS,100,データセット1,データセット2
Romania,ROU,GDP (current US$),NY.GDP.MKTP.CD,252033792712.145,,データセット2
Russian Federation,RUS,Access to clean fuels and technologies for cooking (% of population),EG.CFT.ACCS.ZS,99.4,データセット1,データセット2
Russian Federation,RUS,GDP (current US$),NY.GDP.MKTP.CD,1493075894362.14,,データセット2
Rwanda,RWA,Access to clean fuels and technologies for cooking (% of population),EG.CFT.ACCS.ZS,4.6,データセット1,データセット2
Rwanda,RWA,GDP (current US$),NY.GDP.MKTP.CD,10174387374.3478,,データセット2
Samoa,WSM,Access to clean fuels and technologies for cooking (% of population),EG.CFT.ACCS.ZS,37.25,データセット1,データセット2
Samoa,WSM,GDP (current US$),NY.GDP.MKTP.CD,868898358.266437,,データセット2
San Marino,SMR,Access to clean fuels and technologies for cooking (% of population),EG.CFT.ACCS.ZS,100,データセット1,データセット2
San Marino,SMR,GDP (current US$),NY.GDP.MKTP.CD,1544714493.24409,,データセット2
Sao Tome and Principe,STP,Access to clean fuels and technologies for cooking (% of population),EG.CFT.ACCS.ZS,3.4,データセット1,データセット2
Sao Tome and Principe,STP,GDP (current US$),NY.GDP.MKTP.CD,471229484.607144,,データセット2
Saudi Arabia,SAU,Access to clean fuels and technologies for cooking (% of population),EG.CFT.ACCS.ZS,100,データセット1,データセット2
Saudi Arabia,SAU,GDP (current US$),NY.GDP.MKTP.CD,734271200000,,データセット2
Senegal,SEN,Access to clean fuels and technologies for cooking (% of population),EG.CFT.ACCS.ZS,30,データセット1,データセット2
Senegal,SEN,GDP (current US$),NY.GDP.MKTP.CD,24530513037.7518,,データセット2
Serbia,SRB,Access to clean fuels and technologies for cooking (% of population),EG.CFT.ACCS.ZS,80.4,データセット1,データセット2
Serbia,SRB,GDP (current US$),NY.GDP.MKTP.CD,55874017668.998,,データセット2
Seychelles,SYC,Access to clean fuels and technologies for cooking (% of population),EG.CFT.ACCS.ZS,100,データセット1,データセット2
Seychelles,SYC,GDP (current US$),NY.GDP.MKTP.CD,1382551751.56908,,データセット2
Sierra Leone,SLE,Access to clean fuels and technologies for cooking (% of population),EG.CFT.ACCS.ZS,0.8,データセット1,データセット2
Sierra Leone,SLE,GDP (current US$),NY.GDP.MKTP.CD,6688594757.62129,,データセット2
Singapore,SGP,Access to clean fuels and technologies for cooking (% of population),EG.CFT.ACCS.ZS,100,データセット1,データセット2
Singapore,SGP,GDP (current US$),NY.GDP.MKTP.CD,349488382610.662,,データセット2
Sint Maarten (Dutch part),SXM,Access to clean fuels and technologies for cooking (% of population),EG.CFT.ACCS.ZS,..,データセット1,データセット2
Sint Maarten (Dutch part),SXM,GDP (current US$),NY.GDP.MKTP.CD,1236428100.55866,,データセット2
Slovak Republic,SVK,Access to clean fuels and technologies for cooking (% of population),EG.CFT.ACCS.ZS,100,データセット1,データセット2
Slovak Republic,SVK,GDP (current US$),NY.GDP.MKTP.CD,107732602896.441,,データセット2
Slovenia,SVN,Access to clean fuels and technologies for cooking (% of population),EG.CFT.ACCS.ZS,100,データセット1,データセット2
Slovenia,SVN,GDP (current US$),NY.GDP.MKTP.CD,53384760135.1581,,データセット2
Small states,SST,Access to clean fuels and technologies for cooking (% of population),EG.CFT.ACCS.ZS,69.0205138703408,データセット1,データセット2
Small states,SST,GDP (current US$),NY.GDP.MKTP.CD,222762059252.071,,データセット2
Solomon Islands,SLB,Access to clean fuels and technologies for cooking (% of population),EG.CFT.ACCS.ZS,8.8,データセット1,データセット2
Solomon Islands,SLB,GDP (current US$),NY.GDP.MKTP.CD,1536145814.17007,,データセット2
Somalia,SOM,Access to clean fuels and technologies for cooking (% of population),EG.CFT.ACCS.ZS,3.9,データセット1,データセット2
Somalia,SOM,GDP (current US$),NY.GDP.MKTP.CD,8628393719.99922,,データセット2
South Africa,ZAF,Access to clean fuels and technologies for cooking (% of population),EG.CFT.ACCS.ZS,88.1,データセット1,データセット2
South Africa,ZAF,GDP (current US$),NY.GDP.MKTP.CD,337974655408.055,,データセット2
South Asia,SAS,Access to clean fuels and technologies for cooking (% of population),EG.CFT.ACCS.ZS,59.4492817294105,データセット1,データセット2
South Asia,SAS,GDP (current US$),NY.GDP.MKTP.CD,3493120726808.9,,データセット2
South Asia (IDA & IBRD),TSA,Access to clean fuels and technologies for cooking (% of population),EG.CFT.ACCS.ZS,59.4492817294105,データセット1,データセット2
South Asia (IDA & IBRD),TSA,GDP (current US$),NY.GDP.MKTP.CD,3493120726808.9,,データセット2
South Sudan,SSD,Access to clean fuels and technologies for cooking (% of population),EG.CFT.ACCS.ZS,0,データセット1,データセット2
South Sudan,SSD,GDP (current US$),NY.GDP.MKTP.CD,..,,データセット2
Spain,ESP,Access to clean fuels and technologies for cooking (% of population),EG.CFT.ACCS.ZS,100,データセット1,データセット2
Spain,ESP,GDP (current US$),NY.GDP.MKTP.CD,1289783836971.21,,データセット2
Sri Lanka,LKA,Access to clean fuels and technologies for cooking (% of population),EG.CFT.ACCS.ZS,32.6,データセット1,データセット2
Sri Lanka,LKA,GDP (current US$),NY.GDP.MKTP.CD,84304298770.5329,,データセット2
St. Kitts and Nevis,KNA,Access to clean fuels and technologies for cooking (% of population),EG.CFT.ACCS.ZS,100,データセット1,データセット2
St. Kitts and Nevis,KNA,GDP (current US$),NY.GDP.MKTP.CD,883922222.222222,,データセット2
St. Lucia,LCA,Access to clean fuels and technologies for cooking (% of population),EG.CFT.ACCS.ZS,93.6,データセット1,データセット2
St. Lucia,LCA,GDP (current US$),NY.GDP.MKTP.CD,1499296296.2963,,データセット2
St. Martin (French part),MAF,Access to clean fuels and technologies for cooking (% of population),EG.CFT.ACCS.ZS,..,データセット1,データセット2
St. Martin (French part),MAF,GDP (current US$),NY.GDP.MKTP.CD,..,,データセット2
St. Vincent and the Grenadines,VCT,Access to clean fuels and technologies for cooking (% of population),EG.CFT.ACCS.ZS,91.8,データセット1,データセット2
St. Vincent and the Grenadines,VCT,GDP (current US$),NY.GDP.MKTP.CD,869111111.111111,,データセット2
Sub-Saharan Africa,SSF,Access to clean fuels and technologies for cooking (% of population),EG.CFT.ACCS.ZS,20.0056130092159,データセット1,データセット2
Sub-Saharan Africa,SSF,GDP (current US$),NY.GDP.MKTP.CD,1723193433652.91,,データセット2
Sub-Saharan Africa (IDA & IBRD countries),TSS,Access to clean fuels and technologies for cooking (% of population),EG.CFT.ACCS.ZS,20.0056130092159,データセット1,データセット2
Sub-Saharan Africa (IDA & IBRD countries),TSS,GDP (current US$),NY.GDP.MKTP.CD,1723193433652.91,,データセット2
Sub-Saharan Africa (excluding high income),SSA,Access to clean fuels and technologies for cooking (% of population),EG.CFT.ACCS.ZS,19.998874799911,データセット1,データセット2
Sub-Saharan Africa (excluding high income),SSA,GDP (current US$),NY.GDP.MKTP.CD,1721810881901.34,,データセット2
Sudan,SDN,Access to clean fuels and technologies for cooking (% of population),EG.CFT.ACCS.ZS,61,データセット1,データセット2
Sudan,SDN,GDP (current US$),NY.GDP.MKTP.CD,27034593750,,データセット2
Suriname,SUR,Access to clean fuels and technologies for cooking (% of population),EG.CFT.ACCS.ZS,94.7,データセット1,データセット2
Suriname,SUR,GDP (current US$),NY.GDP.MKTP.CD,2911807496.20227,,データセット2
Sweden,SWE,Access to clean fuels and technologies for cooking (% of population),EG.CFT.ACCS.ZS,100,データセット1,データセット2
Sweden,SWE,GDP (current US$),NY.GDP.MKTP.CD,545147614972.141,,データセット2
Switzerland,CHE,Access to clean fuels and technologies for cooking (% of population),EG.CFT.ACCS.ZS,100,データセット1,データセット2
Switzerland,CHE,GDP (current US$),NY.GDP.MKTP.CD,741999406005.627,,データセット2
Syrian Arab Republic,SYR,Access to clean fuels and technologies for cooking (% of population),EG.CFT.ACCS.ZS,92.5,データセット1,データセット2
Syrian Arab Republic,SYR,GDP (current US$),NY.GDP.MKTP.CD,12047752036.091,,データセット2
Tajikistan,TJK,Access to clean fuels and technologies for cooking (% of population),EG.CFT.ACCS.ZS,84.3,データセット1,データセット2
Tajikistan,TJK,GDP (current US$),NY.GDP.MKTP.CD,8133963550.65742,,データセット2
Tanzania,TZA,Access to clean fuels and technologies for cooking (% of population),EG.CFT.ACCS.ZS,7.2,データセット1,データセット2
Tanzania,TZA,GDP (current US$),NY.GDP.MKTP.CD,66068737786.0639,,データセット2
Thailand,THA,Access to clean fuels and technologies for cooking (% of population),EG.CFT.ACCS.ZS,84.3,データセット1,データセット2
Thailand,THA,GDP (current US$),NY.GDP.MKTP.CD,500461898480.246,,データセット2
Timor-Leste,TLS,Access to clean fuels and technologies for cooking (% of population),EG.CFT.ACCS.ZS,14.9,データセット1,データセット2
Timor-Leste,TLS,GDP (current US$),NY.GDP.MKTP.CD,2162619200,,データセット2
Togo,TGO,Access to clean fuels and technologies for cooking (% of population),EG.CFT.ACCS.ZS,10.4,データセット1,データセット2
Togo,TGO,GDP (current US$),NY.GDP.MKTP.CD,7400284167.78479,,データセット2
Tonga,TON,Access to clean fuels and technologies for cooking (% of population),EG.CFT.ACCS.ZS,85.5,データセット1,データセット2
Tonga,TON,GDP (current US$),NY.GDP.MKTP.CD,496856295.76752,,データセット2
Trinidad and Tobago,TTO,Access to clean fuels and technologies for cooking (% of population),EG.CFT.ACCS.ZS,100,データセット1,データセット2
Trinidad and Tobago,TTO,GDP (current US$),NY.GDP.MKTP.CD,20807716174.0546,,データセット2
Tunisia,TUN,Access to clean fuels and technologies for cooking (% of population),EG.CFT.ACCS.ZS,99.9,データセット1,データセット2
Tunisia,TUN,GDP (current US$),NY.GDP.MKTP.CD,42491780918.361,,データセット2
Turkiye,TUR,Access to clean fuels and technologies for cooking (% of population),EG.CFT.ACCS.ZS,95.3,データセット1,データセット2
Turkiye,TUR,GDP (current US$),NY.GDP.MKTP.CD,720338490327.248,,データセット2
Turkmenistan,TKM,Access to clean fuels and technologies for cooking (% of population),EG.CFT.ACCS.ZS,99.9,データセット1,データセット2
Turkmenistan,TKM,GDP (current US$),NY.GDP.MKTP.CD,45818000000,,データセット2
Turks and Caicos Islands,TCA,Access to clean fuels and technologies for cooking (% of population),EG.CFT.ACCS.ZS,..,データセット1,データセット2
Turks and Caicos Islands,TCA,GDP (current US$),NY.GDP.MKTP.CD,774653669.315186,,データセット2
Tuvalu,TUV,Access to clean fuels and technologies for cooking (% of population),EG.CFT.ACCS.ZS,73.8,データセット1,データセット2
Tuvalu,TUV,GDP (current US$),NY.GDP.MKTP.CD,51746594.3148543,,データセット2
Uganda,UGA,Access to clean fuels and technologies for cooking (% of population),EG.CFT.ACCS.ZS,0.7,データセット1,データセット2
Uganda,UGA,GDP (current US$),NY.GDP.MKTP.CD,37600368241.6657,,データセット2
Ukraine,UKR,Access to clean fuels and technologies for cooking (% of population),EG.CFT.ACCS.ZS,95.1,データセット1,データセット2
Ukraine,UKR,GDP (current US$),NY.GDP.MKTP.CD,156617722013.342,,データセット2
United Arab Emirates,ARE,Access to clean fuels and technologies for cooking (% of population),EG.CFT.ACCS.ZS,100,データセット1,データセット2
United Arab Emirates,ARE,GDP (current US$),NY.GDP.MKTP.CD,349473015336.939,,データセット2
United Kingdom,GBR,Access to clean fuels and technologies for cooking (% of population),EG.CFT.ACCS.ZS,100,データセット1,データセット2
United Kingdom,GBR,GDP (current US$),NY.GDP.MKTP.CD,2696778386607.65,,データセット2
United States,USA,Access to clean fuels and technologies for cooking (% of population),EG.CFT.ACCS.ZS,100,データセット1,データセット2
United States,USA,GDP (current US$),NY.GDP.MKTP.CD,21354105000000,,データセット2
Upper middle income,UMC,Access to clean fuels and technologies for cooking (% of population),EG.CFT.ACCS.ZS,86.8536398390472,データセット1,データセット2
Upper middle income,UMC,GDP (current US$),NY.GDP.MKTP.CD,22976120181600.3,,データセット2
Uruguay,URY,Access to clean fuels and technologies for cooking (% of population),EG.CFT.ACCS.ZS,100,データセット1,データセット2
Uruguay,URY,GDP (current US$),NY.GDP.MKTP.CD,53668636567.8667,,データセット2
Uzbekistan,UZB,Access to clean fuels and technologies for cooking (% of population),EG.CFT.ACCS.ZS,80.1,データセット1,データセット2
Uzbekistan,UZB,GDP (current US$),NY.GDP.MKTP.CD,66443265418.3086,,データセット2
Vanuatu,VUT,Access to clean fuels and technologies for cooking (% of population),EG.CFT.ACCS.ZS,7.1,データセット1,データセット2
Vanuatu,VUT,GDP (current US$),NY.GDP.MKTP.CD,909421043.508407,,データセット2
"Venezuela, RB",VEN,Access to clean fuels and technologies for cooking (% of population),EG.CFT.ACCS.ZS,95.5,データセット1,データセット2
"Venezuela, RB",VEN,GDP (current US$),NY.GDP.MKTP.CD,..,,データセット2
Viet Nam,VNM,Access to clean fuels and technologies for cooking (% of population),EG.CFT.ACCS.ZS,96,データセット1,データセット2
Viet Nam,VNM,GDP (current US$),NY.GDP.MKTP.CD,346615738537.796,,データセット2
Virgin Islands (U.S.),VIR,Access to clean fuels and technologies for cooking (% of population),EG.CFT.ACCS.ZS,..,データセット1,データセット2
Virgin Islands (U.S.),VIR,GDP (current US$),NY.GDP.MKTP.CD,4229000000,,データセット2
West Bank and Gaza,PSE,Access to clean fuels and technologies for cooking (% of population),EG.CFT.ACCS.ZS,..,データセット1,データセット2
West Bank and Gaza,PSE,GDP (current US$),NY.GDP.MKTP.CD,15531700000,,データセット2
World,WLD,Access to clean fuels and technologies for cooking (% of population),EG.CFT.ACCS.ZS,71.1448297498473,データセット1,データセット2
World,WLD,GDP (current US$),NY.GDP.MKTP.CD,85763013427792.9,,データセット2
"Yemen, Rep.",YEM,Access to clean fuels and technologies for cooking (% of population),EG.CFT.ACCS.ZS,51.2,データセット1,データセット2
"Yemen, Rep.",YEM,GDP (current US$),NY.GDP.MKTP.CD,..,,データセット2
Zambia,ZMB,Access to clean fuels and technologies for cooking (% of population),EG.CFT.ACCS.ZS,10.4,データセット1,データセット2
Zambia,ZMB,GDP (current US$),NY.GDP.MKTP.CD,18137764930.651,,データセット2
Zimbabwe,ZWE,Access to clean fuels and technologies for cooking (% of population),EG.CFT.ACCS.ZS,30.5,データセット1,データセット2
Zimbabwe,ZWE,GDP (current US$),NY.GDP.MKTP.CD,26867936444.6826,,データセット2
,,,,,データセット1,データセット2
,,,,,データセット1,データセット2
,,,,,データセット1,データセット2
,,,,,データセット1,データセット2
,,,,,データセット1,データセット2
,,,,,データセット1,データセット2
,,,,,データセット1,データセット2
,,,,,データセット1,データセット2
,,,,,データセット1,データセット2
