,typeCode,freqCode,refPeriodId,refYear,refMonth,period,reporterCode,reporterISO,reporterDesc,flowCode,flowDesc,partnerCode,partnerISO,partnerDesc,partner2Code,partner2ISO,partner2Desc,classificationCode,classificationSearchCode,isOriginalClassification,cmdCode,cmdDesc,aggrLevel,isLeaf,customsCode,customsDesc,mosCode,motCode,motDesc,qtyUnitCode,qtyUnitAbbr,qty,isQtyEstimated,altQtyUnitCode,altQtyUnitAbbr,altQty,isAltQtyEstimated,netWgt,isNetWgtEstimated,grossWgt,isGrossWgtEstimated,cifvalue,fobvalue,primaryValue,legacyEstimationFlag,isReported,isAggregate
0,C,A,20100101,2010,52,2010,36,,,M,,156,,,0,,,H3,HS,True,TOTAL,,,,C00,,0,0,,-1,,,False,-1,,,False,,False,,False,,38004358372.0,38004358372.0,0,True,False
1,C,A,20110101,2011,52,2011,36,,,M,,156,,,0,,,H3,HS,True,TOTAL,,,,C00,,0,0,,-1,,,False,-1,,,False,,False,,False,,43447909794.0,43447909794.0,0,True,False
2,C,A,20120101,2012,52,2012,36,,,M,,156,,,0,,,H4,HS,True,TOTAL,,,,C00,,0,0,,-1,,,False,-1,,,False,,False,,False,,45996260698.0,45996260698.0,0,True,False
3,C,A,20130101,2013,52,2013,36,,,M,,156,,,0,,,H4,HS,True,TOTAL,,,,C00,,0,0,,-1,,,False,-1,,,False,,False,,False,,44861052377.0,44861052377.0,0,True,False
4,C,A,20140101,2014,52,2014,36,,,M,,156,,,0,,,H4,HS,True,TOTAL,,,,C00,,0,0,,-1,,,False,-1,,,False,,False,,False,,46854594144.0,46854594144.0,0,True,False
5,C,A,20150101,2015,52,2015,36,,,M,,156,,,0,,,H4,HS,True,TOTAL,,,,C00,,0,0,,-1,,,False,-1,,,False,,False,,False,,46292722371.0,46292722371.0,0,True,False
6,C,A,20160101,2016,52,2016,36,,,M,,156,,,0,,,H4,HS,True,TOTAL,,,,C00,,0,0,,-1,,,False,-1,,,False,,False,,False,,44241021648.0,44241021648.0,0,True,False
7,C,A,20170101,2017,52,2017,36,,,M,,156,,,0,,,H5,HS,True,TOTAL,,,,C00,,0,0,,-1,,0.0,False,-1,,0.0,False,0.0,True,0.0,False,49971610459.392,48330876881.063,49971610459.392,4,False,True
11,C,A,20180101,2018,52,2018,36,,,M,,156,,,0,,,H5,HS,True,TOTAL,,,,C00,,0,0,,-1,,0.0,False,-1,,0.0,False,0.0,True,0.0,False,57102168766.725,55070489982.451,57102168766.725,4,False,True
15,C,A,20190101,2019,52,2019,36,,,M,,156,,,0,,,H5,HS,True,TOTAL,,,,C00,,0,0,,-1,,0.0,False,-1,,0.0,False,0.0,True,0.0,False,56448232586.902,54585720203.226,56448232586.902,4,False,True
19,C,A,20200101,2020,52,2020,36,,,M,,156,,,0,,,H5,HS,True,TOTAL,,,,C00,,0,0,,-1,,0.0,False,-1,,0.0,False,0.0,True,0.0,False,60208016256.254,57642014169.027,60208016256.254,4,False,True
23,C,A,20210101,2021,52,2021,36,,,M,,156,,,0,,,H5,HS,True,TOTAL,,,,C00,,0,0,,-1,,0.0,False,-1,,0.0,False,0.0,True,0.0,False,72858757972.878,67863259644.863,72858757972.878,4,False,True
27,C,A,20220101,2022,52,2022,36,,,M,,156,,,0,,,H6,HS,True,TOTAL,,,,C00,,0,0,,-1,,0.0,False,-1,,0.0,False,0.0,True,0.0,False,83730941500.959,76813230265.593,83730941500.959,4,False,True
31,C,A,20230101,2023,52,2023,36,,,M,,156,,,0,,,H6,HS,True,TOTAL,,,,C00,,0,0,,-1,,0.0,False,-1,,0.0,False,0.0,True,0.0,False,71820697468.717,69056481237.647,71820697468.717,4,False,True
35,C,A,20100101,2010,52,2010,40,,,M,,156,,,0,,,H3,HS,True,TOTAL,,,,C00,,0,0,,-1,,,False,-1,,,False,,False,,False,7191716699.0,,7191716699.0,0,True,False
36,C,A,20110101,2011,52,2011,40,,,M,,156,,,0,,,H3,HS,True,TOTAL,,,,C00,,0,0,,-1,,,False,-1,,,False,,False,,False,8899480099.0,,8899480099.0,0,True,False
37,C,A,20120101,2012,52,2012,40,,,M,,156,,,0,,,H4,HS,True,TOTAL,,,,C00,,0 ,0,,-1,,0.0,False,-1,,0.0,False,0.0,True,0.0,False,8576840047.326,,8576840047.326,4,False,True
38,C,A,20130101,2013,52,2013,40,,,M,,156,,,0,,,H4,HS,True,TOTAL,,,,C00,,0 ,0,,-1,,0.0,False,-1,,0.0,False,0.0,True,0.0,False,8928340062.038,,8928340062.038,4,False,True
39,C,A,20140101,2014,52,2014,40,,,M,,156,,,0,,,H4,HS,True,TOTAL,,,,C00,,0 ,0,,-1,,0.0,False,-1,,0.0,False,0.0,True,0.0,False,9625579505.719,,9625579505.719,4,False,True
40,C,A,20150101,2015,52,2015,40,,,M,,156,,,0,,,H4,HS,True,TOTAL,,,,C00,,0 ,0,,-1,,0.0,False,-1,,0.0,False,0.0,True,0.0,False,8755837829.701,,8755837829.701,4,False,True
41,C,A,20160101,2016,52,2016,40,,,M,,156,,,0,,,H4,HS,True,TOTAL,,,,C00,,0 ,0,,-1,,0.0,False,-1,,0.0,False,,True,,False,8779584820.595,,8779584820.595,0,False,True
42,C,A,20170101,2017,52,2017,40,,,M,,156,,,0,,,H5,HS,True,TOTAL,,,,C00,,0 ,0,,-1,,0.0,False,-1,,0.0,False,,True,,False,9526904208.166,,9526904208.166,0,False,True
43,C,A,20180101,2018,52,2018,40,,,M,,156,,,0,,,H5,HS,True,TOTAL,,,,C00,,0 ,0,,-1,,0.0,False,-1,,0.0,False,,True,,False,10755897501.367,,10755897501.367,0,False,True
44,C,A,20190101,2019,52,2019,40,,,M,,156,,,0,,,H5,HS,True,TOTAL,,,,C00,,0,0,,-1,,0.0,False,-1,,0.0,False,0.0,True,0.0,False,10998301463.325,,10998301463.325,4,False,True
45,C,A,20200101,2020,52,2020,40,,,M,,156,,,0,,,H5,HS,True,TOTAL,,,,C00,,0,0,,-1,,0.0,False,-1,,0.0,False,0.0,True,0.0,False,11626199665.511,0.0,11626199665.511,4,False,True
46,C,A,20210101,2021,52,2021,40,,,M,,156,,,0,,,H5,HS,True,TOTAL,,,,C00,,0,0,,-1,,0.0,False,-1,,0.0,False,0.0,True,0.0,False,15489570220.236,,15489570220.236,4,False,True
47,C,A,20220101,2022,52,2022,40,,,M,,156,,,0,,,H6,HS,True,TOTAL,,,,C00,,0,0,,-1,,0.0,False,-1,,0.0,False,0.0,True,0.0,False,18374175542.94,,18374175542.94,4,False,True
48,C,A,20230101,2023,52,2023,40,,,M,,156,,,0,,,H6,HS,True,TOTAL,,,,C00,,0,0,,-1,,0.0,False,-1,,0.0,False,0.0,True,0.0,False,16339720323.874,,16339720323.874,4,False,True
49,C,A,20100101,2010,52,2010,56,,,M,,156,,,0,,,H3,HS,True,TOTAL,,,,C00,,0,0,,-1,,0.0,False,-1,,0.0,False,0.0,True,0.0,False,8176073533.354,0.0,8176073533.354,4,False,True
50,C,A,20110101,2011,52,2011,56,,,M,,156,,,0,,,H3,HS,True,TOTAL,,,,C00,,0,0,,-1,,0.0,False,-1,,0.0,False,0.0,True,0.0,False,9395707045.425,,9395707045.425,4,False,True
51,C,A,20120101,2012,52,2012,56,,,M,,156,,,0,,,H4,HS,True,TOTAL,,,,C00,,0,0,,-1,,0.0,False,-1,,0.0,False,0.0,True,0.0,False,7991103063.081,0.0,7991103063.081,4,False,True
52,C,A,20130101,2013,52,2013,56,,,M,,156,,,0,,,H4,HS,True,TOTAL,,,,C00,,0,0,,-1,,0.0,False,-1,,0.0,False,0.0,True,0.0,False,7992736880.193,0.0,7992736880.193,4,False,True
53,C,A,20140101,2014,52,2014,56,,,M,,156,,,0,,,H4,HS,True,TOTAL,,,,C00,,0,0,,-1,,0.0,False,-1,,0.0,False,0.0,True,0.0,False,8661725797.855,0.0,8661725797.855,4,False,True
54,C,A,20150101,2015,52,2015,56,,,M,,156,,,0,,,H4,HS,True,TOTAL,,,,C00,,0,0,,-1,,0.0,False,-1,,0.0,False,0.0,True,0.0,False,7663941672.529,0.0,7663941672.529,4,False,True
55,C,A,20160101,2016,52,2016,56,,,M,,156,,,0,,,H4,HS,True,TOTAL,,,,C00,,0,0,,-1,,0.0,False,-1,,0.0,False,0.0,True,0.0,False,7415774420.98,0.0,7415774420.98,4,False,True
56,C,A,20170101,2017,52,2017,56,,,M,,156,,,0,,,H5,HS,True,TOTAL,,,,C00,,0,0,,-1,,0.0,False,-1,,0.0,False,0.0,True,0.0,False,7738744130.923,0.0,7738744130.923,4,False,True
57,C,A,20180101,2018,52,2018,56,,,M,,156,,,0,,,H5,HS,True,TOTAL,,,,C00,,0,0,,-1,,0.0,False,-1,,0.0,False,0.0,True,0.0,False,8273273483.839,0.0,8273273483.839,4,False,True
58,C,A,20190101,2019,52,2019,56,,,M,,156,,,0,,,H5,HS,True,TOTAL,,,,C00,,0,0,,-1,,0.0,False,-1,,0.0,False,0.0,True,0.0,False,8539413646.656,0.0,8539413646.656,4,False,True
59,C,A,20200101,2020,52,2020,56,,,M,,156,,,0,,,H5,HS,True,TOTAL,,,,C00,,0,0,,-1,,0.0,False,-1,,0.0,False,0.0,True,0.0,False,9467039943.401,,9467039943.401,4,False,True
60,C,A,20210101,2021,52,2021,56,,,M,,156,,,0,,,H5,HS,True,TOTAL,,,,C00,,0,0,,-1,,0.0,False,-1,,0.0,False,0.0,True,0.0,False,12516653458.49,,12516653458.49,4,False,True
61,C,A,20220101,2022,52,2022,56,,,M,,156,,,0,,,H6,HS,True,TOTAL,,,,C00,,0,0,,-1,,0.0,False,-1,,0.0,False,0.0,True,0.0,False,15945050733.881,,15945050733.881,4,False,True
62,C,A,20230101,2023,52,2023,56,,,M,,156,,,0,,,H6,HS,True,TOTAL,,,,C00,,0,0,,-1,,0.0,False,-1,,0.0,False,0.0,True,0.0,False,14237893001.577,,14237893001.577,4,False,True
63,C,A,20100101,2010,52,2010,124,,,M,,156,,,0,,,H3,HS,True,TOTAL,,,,C00,,0,0,,-1,,,False,-1,,,False,,False,,False,,43240159894.0,43240159894.0,0,True,False
64,C,A,20110101,2011,52,2011,124,,,M,,156,,,0,,,H3,HS,True,TOTAL,,,,C00,,0,0,,-1,,,False,-1,,,False,,False,,False,,48653536126.0,48653536126.0,0,True,False
65,C,A,20120101,2012,52,2012,124,,,M,,156,,,0,,,H4,HS,True,TOTAL,,,,C00,,0,0,,-1,,,False,-1,,,False,,False,,False,,50764771704.0,50764771704.0,0,True,False
66,C,A,20130101,2013,52,2013,124,,,M,,156,,,0,,,H4,HS,True,TOTAL,,,,C00,,0,0,,-1,,,False,-1,,,False,,False,,False,,51209844839.0,51209844839.0,0,True,False
67,C,A,20140101,2014,52,2014,124,,,M,,156,,,0,,,H4,HS,True,TOTAL,,,,C00,,0,0,,-1,,,False,-1,,,False,,False,,False,,53066195538.0,53066195538.0,0,True,False
68,C,A,20150101,2015,52,2015,124,,,M,,156,,,0,,,H4,HS,True,TOTAL,,,,C00,,0 ,0,,-1,,0.0,False,-1,,0.0,False,,False,0.0,False,,51368522083.886,51368522083.886,0,False,True
74,C,A,20160101,2016,52,2016,124,,,M,,156,,,0,,,H4,HS,True,TOTAL,,,,C00,,0 ,0,,-1,,0.0,False,-1,,0.0,False,,False,0.0,False,,48575917684.254,48575917684.254,0,False,True
80,C,A,20170101,2017,52,2017,124,,,M,,156,,,0,,,H5,HS,True,TOTAL,,,,C00,,0,0,,-1,,0.0,False,-1,,0.0,False,0.0,False,0.0,False,0.0,54652257046.605,54652257046.605,0,False,True
86,C,A,20180101,2018,52,2018,124,,,M,,156,,,0,,,H5,HS,True,TOTAL,,,,C00,,0,0,,-1,,0.0,False,-1,,0.0,False,0.0,False,0.0,False,0.0,58326303197.793,58326303197.793,0,False,True
92,C,A,20190101,2019,52,2019,124,,,M,,156,,,0,,,H5,HS,True,TOTAL,,,,C00,,0,0,,-1,,0.0,False,-1,,0.0,False,0.0,False,0.0,False,0.0,56541202356.148,56541202356.148,0,False,True
98,C,A,20200101,2020,52,2020,124,,,M,,156,,,0,,,H5,HS,True,TOTAL,,,,C00,,0,0,,-1,,0.0,False,-1,,0.0,False,,False,0.0,False,,57131037420.364,57131037420.364,0,False,True
104,C,A,20210101,2021,52,2021,124,,,M,,156,,,0,,,H5,HS,True,TOTAL,,,,C00,,0,0,,-1,,0.0,False,-1,,0.0,False,,False,0.0,False,,68559619546.811,68559619546.811,0,False,True
110,C,A,20220101,2022,52,2022,124,,,M,,156,,,0,,,H6,HS,True,TOTAL,,,,C00,,0,0,,-1,,0.0,False,-1,,0.0,False,,False,0.0,False,,76991873836.818,76991873836.818,0,False,True
116,C,A,20230101,2023,52,2023,124,,,M,,156,,,0,,,H6,HS,True,TOTAL,,,,C00,,0,0,,-1,,0.0,False,-1,,0.0,False,,False,0.0,False,,66082873036.096,66082873036.096,0,False,True
122,C,A,20100101,2010,52,2010,208,,,M,,156,,,0,,,H3,HS,True,TOTAL,,,,C00,,0,0,,-1,,,False,-1,,,False,,False,,False,6426366383.0,,6426366383.0,0,True,False
123,C,A,20110101,2011,52,2011,208,,,M,,156,,,0,,,H3,HS,True,TOTAL,,,,C00,,0,0,,-1,,,False,-1,,,False,,False,,False,6720217637.0,,6720217637.0,0,True,False
124,C,A,20120101,2012,52,2012,208,,,M,,156,,,0,,,H4,HS,True,TOTAL,,,,C00,,0,0,,-1,,,False,-1,,,False,,False,,False,6405169702.0,,6405169702.0,0,True,False
125,C,A,20130101,2013,52,2013,208,,,M,,156,,,0,,,H4,HS,True,TOTAL,,,,C00,,0,0,,-1,,,False,-1,,,False,,False,,False,6573974542.0,,6573974542.0,0,True,False
126,C,A,20140101,2014,52,2014,208,,,M,,156,,,0,,,H4,HS,True,TOTAL,,,,C00,,0,0,,-1,,,False,-1,,,False,,False,,False,7113521257.0,,7113521257.0,0,True,False
127,C,A,20150101,2015,52,2015,208,,,M,,156,,,0,,,H4,HS,True,TOTAL,,,,C00,,0,0,,-1,,,False,-1,,,False,,False,,False,6375315508.0,,6375315508.0,0,True,False
128,C,A,20160101,2016,52,2016,208,,,M,,156,,,0,,,H4,HS,True,TOTAL,,,,C00,,0 ,0,,-1,,0.0,False,-1,,0.0,False,,True,,False,6435820180.032,,6435820180.032,0,False,True
129,C,A,20170101,2017,52,2017,208,,,M,,156,,,0,,,H5,HS,True,TOTAL,,,,C00,,0,0,,-1,,0.0,False,-1,,0.0,False,0.0,True,0.0,False,6725374194.574,,6725374194.574,4,False,True
130,C,A,20180101,2018,52,2018,208,,,M,,156,,,0,,,H5,HS,True,TOTAL,,,,C00,,0,0,,-1,,0.0,False,-1,,0.0,False,0.0,True,0.0,False,7197566422.049,0.0,7197566422.049,4,False,True
131,C,A,20190101,2019,52,2019,208,,,M,,156,,,0,,,H5,HS,True,TOTAL,,,,C00,,0,0,,-1,,0.0,False,-1,,0.0,False,0.0,True,0.0,False,7030520269.719,0.0,7030520269.719,4,False,True
132,C,A,20200101,2020,52,2020,208,,,M,,156,,,0,,,H5,HS,True,TOTAL,,,,C00,,0,0,,-1,,0.0,False,-1,,0.0,False,0.0,True,0.0,False,7534800891.89,0.0,7534800891.89,4,False,True
133,C,A,20210101,2021,52,2021,208,,,M,,156,,,0,,,H5,HS,True,TOTAL,,,,C00,,0,0,,-1,,0.0,False,-1,,0.0,False,0.0,True,0.0,False,9799627671.989,,9799627671.989,4,False,True
134,C,A,20220101,2022,52,2022,208,,,M,,156,,,0,,,H6,HS,True,TOTAL,,,,C00,,0,0,,-1,,0.0,False,-1,,0.0,False,0.0,True,0.0,False,10643508194.11,,10643508194.11,4,False,True
135,C,A,20230101,2023,52,2023,208,,,M,,156,,,0,,,H6,HS,True,TOTAL,,,,C00,,0,0,,-1,,0.0,False,-1,,0.0,False,0.0,True,0.0,False,7766787182.912,,7766787182.912,4,False,True
136,C,A,20100101,2010,52,2010,233,,,M,,156,,,0,,,H3,HS,True,TOTAL,,,,C00,,0,0,,-1,,,False,-1,,,False,,False,,False,921924050.0,,921924050.0,0,True,False
137,C,A,20110101,2011,52,2011,233,,,M,,156,,,0,,,H3,HS,True,TOTAL,,,,C00,,0,0,,-1,,,False,-1,,,False,,False,,False,1419981000.0,,1419981000.0,0,True,False
138,C,A,20120101,2012,52,2012,233,,,M,,156,,,0,,,H4,HS,True,TOTAL,,,,C00,,0,0,,-1,,,False,-1,,,False,,False,,False,1412968586.0,,1412968586.0,0,True,False
139,C,A,20130101,2013,52,2013,233,,,M,,156,,,0,,,H4,HS,True,TOTAL,,,,C00,,0,0,,-1,,,False,-1,,,False,,False,,False,1465546691.0,,1465546691.0,0,True,False
140,C,A,20140101,2014,52,2014,233,,,M,,156,,,0,,,H4,HS,True,TOTAL,,,,C00,,0,0,,-1,,,False,-1,,,False,,False,,False,1506153282.0,,1506153282.0,0,True,False
141,C,A,20150101,2015,52,2015,233,,,M,,156,,,0,,,H4,HS,True,TOTAL,,,,C00,,0,0,,-1,,,False,-1,,,False,,False,,False,1262875980.0,,1262875980.0,0,True,False
142,C,A,20160101,2016,52,2016,233,,,M,,156,,,0,,,H4,HS,True,TOTAL,,,,C00,,0 ,0,,-1,,0.0,False,-1,,0.0,False,,True,,False,1300507299.221,,1300507299.221,0,False,True
149,C,A,20160101,2016,52,2016,233,,,M,,156,,,0,,,H4,HS,True,TOTAL,,,,C01,,0 ,0,,-1,,0.0,False,-1,,0.0,False,,True,,False,1019686986.592,,1019686986.592,0,False,True
156,C,A,20160101,2016,52,2016,233,,,M,,156,,,0,,,H4,HS,True,TOTAL,,,,C06,,0 ,0,,-1,,0.0,False,-1,,0.0,False,,True,,False,17974607.061,,17974607.061,0,False,True
161,C,A,20160101,2016,52,2016,233,,,M,,156,,,0,,,H4,HS,True,TOTAL,,,,C20,,0 ,0,,-1,,0.0,False,-1,,0.0,False,,True,,False,262845705.568,,262845705.568,0,False,True
167,C,A,20170101,2017,52,2017,233,,,M,,156,,,0,,,H5,HS,True,TOTAL,,,,C00,,0 ,0,,-1,,0.0,False,-1,,0.0,False,,True,,False,1476718402.02,,1476718402.02,0,False,True
174,C,A,20170101,2017,52,2017,233,,,M,,156,,,0,,,H5,HS,True,TOTAL,,,,C01,,0 ,0,,-1,,0.0,False,-1,,0.0,False,,True,,False,1211861252.396,,1211861252.396,0,False,True
181,C,A,20170101,2017,52,2017,233,,,M,,156,,,0,,,H5,HS,True,TOTAL,,,,C06,,0 ,0,,-1,,0.0,False,-1,,0.0,False,,True,,False,22998854.783,,22998854.783,0,False,True
187,C,A,20170101,2017,52,2017,233,,,M,,156,,,0,,,H5,HS,True,TOTAL,,,,C20,,0 ,0,,-1,,0.0,False,-1,,0.0,False,,True,,False,241858294.842,,241858294.842,0,False,True
192,C,A,20180101,2018,52,2018,233,,,M,,156,,,0,,,H5,HS,True,TOTAL,,,,C00,,0,0,,-1,,0.0,False,-1,,0.0,False,0.0,True,0.0,False,1669652210.489,0.0,1669652210.489,4,False,True
199,C,A,20180101,2018,52,2018,233,,,M,,156,,,0,,,H5,HS,True,TOTAL,,,,C01,,0,0,,-1,,0.0,False,-1,,0.0,False,0.0,True,0.0,False,1388224010.308,0.0,1388224010.308,4,False,True
206,C,A,20180101,2018,52,2018,233,,,M,,156,,,0,,,H5,HS,True,TOTAL,,,,C04,,0,0,,-1,,0.0,False,-1,,0.0,False,0.0,True,0.0,False,260513937.185,0.0,260513937.185,4,False,True
212,C,A,20180101,2018,52,2018,233,,,M,,156,,,0,,,H5,HS,True,TOTAL,,,,C06,,0,0,,-1,,0.0,False,-1,,0.0,False,0.0,True,0.0,False,20912903.642,0.0,20912903.642,4,False,True
218,C,A,20180101,2018,52,2018,233,,,M,,156,,,0,,,H5,HS,True,TOTAL,,,,C07,,0,0,,-1,,0.0,False,-1,,0.0,False,0.0,False,0.0,False,1359.354,0.0,1359.354,0,False,True
221,C,A,20190101,2019,52,2019,233,,,M,,156,,,0,,,H5,HS,True,TOTAL,,,,C00,,0,0,,-1,,0.0,False,-1,,0.0,False,0.0,True,0.0,False,1513061278.79,0.0,1513061278.79,4,False,True
228,C,A,20190101,2019,52,2019,233,,,M,,156,,,0,,,H5,HS,True,TOTAL,,,,C01,,0,0,,-1,,0.0,False,-1,,0.0,False,0.0,True,0.0,False,1288322224.978,0.0,1288322224.978,4,False,True
235,C,A,20190101,2019,52,2019,233,,,M,,156,,,0,,,H5,HS,True,TOTAL,,,,C04,,0,0,,-1,,0.0,False,-1,,0.0,False,0.0,True,0.0,False,211535298.231,0.0,211535298.231,4,False,True
241,C,A,20190101,2019,52,2019,233,,,M,,156,,,0,,,H5,HS,True,TOTAL,,,,C06,,0,0,,-1,,0.0,False,-1,,0.0,False,0.0,True,0.0,False,13171071.725,0.0,13171071.725,4,False,True
247,C,A,20190101,2019,52,2019,233,,,M,,156,,,0,,,H5,HS,True,TOTAL,,,,C07,,0,0,,-1,,0.0,False,-1,,0.0,False,0.0,False,0.0,False,32683.856,0.0,32683.856,0,False,True
250,C,A,20200101,2020,52,2020,233,,,M,,156,,,0,,,H5,HS,True,TOTAL,,,,C00,,0,0,,-1,,0.0,False,-1,,0.0,False,0.0,True,0.0,False,1653244679.46,,1653244679.46,4,False,True
257,C,A,20200101,2020,52,2020,233,,,M,,156,,,0,,,H5,HS,True,TOTAL,,,,C01,,0,0,,-1,,0.0,False,-1,,0.0,False,0.0,True,0.0,False,1476437608.13,,1476437608.13,4,False,True
264,C,A,20200101,2020,52,2020,233,,,M,,156,,,0,,,H5,HS,True,TOTAL,,,,C04,,0,0,,-1,,0.0,False,-1,,0.0,False,0.0,True,0.0,False,161356843.37,,161356843.37,4,False,True
270,C,A,20200101,2020,52,2020,233,,,M,,156,,,0,,,H5,HS,True,TOTAL,,,,C06,,0,0,,-1,,0.0,False,-1,,0.0,False,0.0,False,0.0,False,15421836.6,,15421836.6,0,False,True
276,C,A,20200101,2020,52,2020,233,,,M,,156,,,0,,,H5,HS,True,TOTAL,,,,C07,,0,0,,-1,,0.0,False,-1,,0.0,False,0.0,False,0.0,False,28391.36,,28391.36,0,False,True
280,C,A,20210101,2021,52,2021,233,,,M,,156,,,0,,,H5,HS,True,TOTAL,,,,C00,,0,0,,-1,,0.0,False,-1,,0.0,False,0.0,True,0.0,False,2108423166.76,,2108423166.76,4,False,True
287,C,A,20210101,2021,52,2021,233,,,M,,156,,,0,,,H5,HS,True,TOTAL,,,,C01,,0,0,,-1,,0.0,False,-1,,0.0,False,0.0,True,0.0,False,1942170900.39,,1942170900.39,4,False,True
294,C,A,20210101,2021,52,2021,233,,,M,,156,,,0,,,H5,HS,True,TOTAL,,,,C04,,0,0,,-1,,0.0,False,-1,,0.0,False,0.0,True,0.0,False,142227640.44,,142227640.44,4,False,True
300,C,A,20210101,2021,52,2021,233,,,M,,156,,,0,,,H5,HS,True,TOTAL,,,,C06,,0,0,,-1,,0.0,False,-1,,0.0,False,0.0,False,0.0,False,24013547.57,,24013547.57,0,False,True
307,C,A,20210101,2021,52,2021,233,,,M,,156,,,0,,,H5,HS,True,TOTAL,,,,C07,,0,0,,-1,,0.0,False,-1,,0.0,False,0.0,False,0.0,False,11078.36,,11078.36,0,False,True
311,C,A,20220101,2022,52,2022,233,,,M,,156,,,0,,,H6,HS,True,TOTAL,,,,C00,,0,0,,-1,,0.0,False,-1,,0.0,False,,False,0.0,False,2403380584.29,,2403380584.29,0,False,True
318,C,A,20220101,2022,52,2022,233,,,M,,156,,,0,,,H6,HS,True,TOTAL,,,,C01,,0,0,,-1,,0.0,False,-1,,0.0,False,0.0,True,0.0,False,2249491964.82,,2249491964.82,4,False,True
325,C,A,20220101,2022,52,2022,233,,,M,,156,,,0,,,H6,HS,True,TOTAL,,,,C04,,0,0,,-1,,0.0,False,-1,,0.0,False,,False,0.0,False,126728510.27,,126728510.27,0,False,True
331,C,A,20220101,2022,52,2022,233,,,M,,156,,,0,,,H6,HS,True,TOTAL,,,,C06,,0,0,,-1,,0.0,False,-1,,0.0,False,0.0,False,0.0,False,26992012.49,,26992012.49,0,False,True
338,C,A,20220101,2022,52,2022,233,,,M,,156,,,0,,,H6,HS,True,TOTAL,,,,C07,,0,0,,-1,,0.0,False,-1,,0.0,False,0.0,False,0.0,False,85664.37,,85664.37,0,False,True
342,C,A,20220101,2022,52,2022,233,,,M,,156,,,0,,,H6,HS,True,TOTAL,,,,C20,,0,0,,-1,,0.0,False,-1,,0.0,False,0.0,False,0.0,False,82432.34,,82432.34,0,False,True
345,C,A,20230101,2023,52,2023,233,,,M,,156,,,0,,,H6,HS,True,TOTAL,,,,C00,,0,0,,-1,,0.0,False,-1,,0.0,False,0.0,True,0.0,False,2172171403.71,,2172171403.71,4,False,True
352,C,A,20230101,2023,52,2023,233,,,M,,156,,,0,,,H6,HS,True,TOTAL,,,,C01,,0,0,,-1,,0.0,False,-1,,0.0,False,0.0,True,0.0,False,2067986178.99,,2067986178.99,4,False,True
359,C,A,20230101,2023,52,2023,233,,,M,,156,,,0,,,H6,HS,True,TOTAL,,,,C04,,0,0,,-1,,0.0,False,-1,,0.0,False,0.0,True,0.0,False,78496852.26,,78496852.26,4,False,True
365,C,A,20230101,2023,52,2023,233,,,M,,156,,,0,,,H6,HS,True,TOTAL,,,,C06,,0,0,,-1,,0.0,False,-1,,0.0,False,0.0,False,0.0,False,25310122.8,,25310122.8,0,False,True
372,C,A,20230101,2023,52,2023,233,,,M,,156,,,0,,,H6,HS,True,TOTAL,,,,C07,,0,0,,-1,,0.0,False,-1,,0.0,False,0.0,False,0.0,False,199013.59,,199013.59,0,False,True
377,C,A,20230101,2023,52,2023,233,,,M,,156,,,0,,,H6,HS,True,TOTAL,,,,C20,,0,0,,-1,,0.0,False,-1,,0.0,False,0.0,False,0.0,False,179236.07,,179236.07,0,False,True
379,C,A,20100101,2010,52,2010,251,,,M,,156,,,0,,,H3,HS,True,TOTAL,,,,C00,,0,0,,-1,,,False,-1,,,False,,False,,False,48872681511.0,,48872681511.0,0,True,False
380,C,A,20110101,2011,52,2011,251,,,M,,156,,,0,,,H3,HS,True,TOTAL,,,,C00,,0,0,,-1,,,False,-1,,,False,,False,,False,57431105723.0,,57431105723.0,0,True,False
381,C,A,20120101,2012,52,2012,251,,,M,,156,,,0,,,H4,HS,True,TOTAL,,,,C00,,0,0,,-1,,,False,-1,,,False,,False,,False,53458273330.0,,53458273330.0,0,True,False
382,C,A,20130101,2013,52,2013,251,,,M,,156,,,0,,,H4,HS,True,TOTAL,,,,C00,,0,0,,-1,,,False,-1,,,False,,False,,False,54221962983.0,,54221962983.0,0,True,False
383,C,A,20140101,2014,52,2014,251,,,M,,156,,,0,,,H4,HS,True,TOTAL,,,,C00,,0,0,,-1,,,False,-1,,,False,,False,,False,56416479646.0,,56416479646.0,0,True,False
384,C,A,20150101,2015,52,2015,251,,,M,,156,,,0,,,H4,HS,True,TOTAL,,,,C00,,0,0,,-1,,,False,-1,,,False,,False,,False,51871364118.0,,51871364118.0,0,True,False
385,C,A,20160101,2016,52,2016,251,,,M,,156,,,0,,,H4,HS,True,TOTAL,,,,C00,,0,0,,-1,,,False,-1,,,False,,False,,False,51032597789.0,,51032597789.0,0,True,False
386,C,A,20170101,2017,52,2017,251,,,M,,156,,,0,,,H5,HS,True,TOTAL,,,,C00,,0 ,0,,-1,,0.0,False,-1,,0.0,False,,True,,False,55401050257.348,,55401050257.348,0,False,True
395,C,A,20180101,2018,52,2018,251,,,M,,156,,,0,,,H5,HS,True,TOTAL,,,,C00,,0 ,0,,-1,,0.0,False,-1,,0.0,False,,True,0.0,False,59036932917.327,,59036932917.327,4,False,True
404,C,A,20190101,2019,52,2019,251,,,M,,156,,,0,,,H5,HS,True,TOTAL,,,,C00,,0,0,,-1,,0.0,False,-1,,0.0,False,0.0,True,0.0,False,59564010774.077,,59564010774.077,4,False,True
413,C,A,20200101,2020,52,2020,251,,,M,,156,,,0,,,H5,HS,True,TOTAL,,,,C00,,0,0,,-1,,0.0,False,-1,,0.0,False,0.0,True,0.0,False,41096131586.021,,41096131586.021,4,False,True
414,C,A,20210101,2021,52,2021,251,,,M,,156,,,0,,,H5,HS,True,TOTAL,,,,C00,,0,0,,-1,,0.0,False,-1,,0.0,False,0.0,True,0.0,False,48189354261.874,,48189354261.874,4,False,True
415,C,A,20220101,2022,52,2022,251,,,M,,156,,,0,,,H6,HS,True,TOTAL,,,,C00,,0,0,,-1,,0.0,False,-1,,0.0,False,0.0,True,0.0,False,51751166163.549,,51751166163.549,4,False,True
417,C,A,20230101,2023,52,2023,251,,,M,,156,,,0,,,H6,HS,True,TOTAL,,,,C00,,0,0,,-1,,0.0,False,-1,,0.0,False,0.0,True,0.0,False,44858574684.799,,44858574684.799,4,False,True
418,C,A,20100101,2010,52,2010,300,,,M,,156,,,0,,,H3,HS,True,TOTAL,,,,C00,,0,0,,-1,,,False,-1,,,False,,False,,False,3797414605.0,,3797414605.0,0,True,False
419,C,A,20110101,2011,52,2011,300,,,M,,156,,,0,,,H3,HS,True,TOTAL,,,,C00,,0,0,,-1,,,False,-1,,,False,,False,,False,3467938901.0,,3467938901.0,0,True,False
420,C,A,20120101,2012,52,2012,300,,,M,,156,,,0,,,H4,HS,True,TOTAL,,,,C00,,0,0,,-1,,,False,-1,,,False,,False,,False,2944646704.0,,2944646704.0,0,True,False
421,C,A,20130101,2013,52,2013,300,,,M,,156,,,0,,,H4,HS,True,TOTAL,,,,C00,,0,0,,-1,,,False,-1,,,False,,False,,False,2914166574.0,,2914166574.0,0,True,False
422,C,A,20140101,2014,52,2014,300,,,M,,156,,,0,,,H4,HS,True,TOTAL,,,,C00,,0,0,,-1,,,False,-1,,,False,,False,,False,3313757754.0,,3313757754.0,0,True,False
423,C,A,20150101,2015,52,2015,300,,,M,,156,,,0,,,H4,HS,True,TOTAL,,,,C00,,0,0,,-1,,,False,-1,,,False,,False,,False,2831346469.0,,2831346469.0,0,True,False
424,C,A,20160101,2016,52,2016,300,,,M,,156,,,0,,,H4,HS,True,TOTAL,,,,C00,,0,0,,-1,,,False,-1,,,False,,False,,False,3194687236.0,,3194687236.0,0,True,False
425,C,A,20170101,2017,52,2017,300,,,M,,156,,,0,,,H5,HS,True,TOTAL,,,,C00,,0 ,0,,-1,,0.0,False,-1,,0.0,False,,True,,False,3070606079.374,,3070606079.374,0,False,True
432,C,A,20180101,2018,52,2018,300,,,M,,156,,,0,,,H5,HS,True,TOTAL,,,,C00,,0 ,0,,-1,,0.0,False,-1,,0.0,False,,True,,False,4241221017.185,,4241221017.185,0,False,True
440,C,A,20190101,2019,52,2019,300,,,M,,156,,,0,,,H5,HS,True,TOTAL,,,,C00,,0,0,,-1,,0.0,False,-1,,0.0,False,0.0,True,0.0,False,4546496425.066,,4546496425.066,4,False,True
447,C,A,20200101,2020,52,2020,300,,,M,,156,,,0,,,H5,HS,True,TOTAL,,,,C00,,0,0,,-1,,0.0,False,-1,,0.0,False,0.0,True,0.0,False,4275097434.878,0.0,4275097434.878,4,False,True
453,C,A,20210101,2021,52,2021,300,,,M,,156,,,0,,,H5,HS,True,TOTAL,,,,C00,,0,0,,-1,,0.0,False,-1,,0.0,False,0.0,True,0.0,False,5924661601.138,0.0,5924661601.138,4,False,True
460,C,A,20220101,2022,52,2022,300,,,M,,156,,,0,,,H6,HS,True,TOTAL,,,,C00,,0,0,,-1,,0.0,False,-1,,0.0,False,0.0,True,0.0,False,8327452143.694,,8327452143.694,4,False,True
467,C,A,20230101,2023,52,2023,300,,,M,,156,,,0,,,H6,HS,True,TOTAL,,,,C00,,0,0,,-1,,0.0,False,-1,,0.0,False,0.0,True,0.0,False,7461352914.941,,7461352914.941,4,False,True
475,C,A,20100101,2010,52,2010,348,,,M,,156,,,0,,,H3,HS,True,TOTAL,,,,C00,,0,0,,-1,,,False,-1,,,False,,False,,False,6173901000.0,,6173901000.0,0,True,False
476,C,A,20110101,2011,52,2011,348,,,M,,156,,,0,,,H3,HS,True,TOTAL,,,,C00,,0,0,,-1,,,False,-1,,,False,,False,,False,6079151000.0,,6079151000.0,0,True,False
477,C,A,20120101,2012,52,2012,348,,,M,,156,,,0,,,H4,HS,True,TOTAL,,,,C00,,0,0,,-1,,,False,-1,,,False,,False,,False,5412282799.0,,5412282799.0,0,True,False
478,C,A,20130101,2013,52,2013,348,,,M,,156,,,0,,,H4,HS,True,TOTAL,,,,C00,,0,0,,-1,,,False,-1,,,False,,False,,False,5360437378.0,,5360437378.0,0,True,False
479,C,A,20140101,2014,52,2014,348,,,M,,156,,,0,,,H4,HS,True,TOTAL,,,,C00,,0,0,,-1,,,False,-1,,,False,,False,,False,5140096968.0,,5140096968.0,0,True,False
480,C,A,20150101,2015,52,2015,348,,,M,,156,,,0,,,H4,HS,True,TOTAL,,,,C00,,0,0,,-1,,,False,-1,,,False,,False,,False,4776876860.0,,4776876860.0,0,True,False
481,C,A,20160101,2016,52,2016,348,,,M,,156,,,0,,,H4,HS,True,TOTAL,,,,C00,,0 ,0,,-1,,0.0,False,-1,,0.0,False,,True,,False,4866965630.0,,4866965630.0,0,False,True
487,C,A,20160101,2016,52,2016,348,,,M,,156,,,0,,,H4,HS,True,TOTAL,,,,C01,,0 ,0,,-1,,0.0,False,-1,,0.0,False,,True,,False,4642170123.0,,4642170123.0,0,False,True
493,C,A,20160101,2016,52,2016,348,,,M,,156,,,0,,,H4,HS,True,TOTAL,,,,C06,,0 ,0,,-1,,0.0,False,-1,,0.0,False,,True,,False,183492628.0,,183492628.0,0,False,True
498,C,A,20160101,2016,52,2016,348,,,M,,156,,,0,,,H4,HS,True,TOTAL,,,,C09,,0 ,0,,-1,,0.0,False,-1,,0.0,False,,True,,False,41302879.0,,41302879.0,0,False,True
503,C,A,20170101,2017,52,2017,348,,,M,,156,,,0,,,H5,HS,True,TOTAL,,,,C00,,0 ,0,,-1,,0.0,False,-1,,0.0,False,,True,,False,5291299783.0,,5291299783.0,0,False,True
511,C,A,20180101,2018,52,2018,348,,,M,,156,,,0,,,H5,HS,True,TOTAL,,,,C00,,0 ,0,,-1,,0.0,False,-1,,0.0,False,,True,,False,6377348262.0,,6377348262.0,0,False,True
518,C,A,20180101,2018,52,2018,348,,,M,,156,,,0,,,H5,HS,True,TOTAL,,,,C01,,0 ,0,,-1,,0.0,False,-1,,0.0,False,,True,,False,6231383938.0,,6231383938.0,0,False,True
525,C,A,20180101,2018,52,2018,348,,,M,,156,,,0,,,H5,HS,True,TOTAL,,,,C06,,0 ,0,,-1,,0.0,False,-1,,0.0,False,,True,,False,142648257.0,,142648257.0,0,False,True
530,C,A,20180101,2018,52,2018,348,,,M,,156,,,0,,,H5,HS,True,TOTAL,,,,C09,,0 ,0,,-1,,0.0,False,-1,,0.0,False,,True,,False,3316067.0,,3316067.0,0,False,True
535,C,A,20190101,2019,52,2019,348,,,M,,156,,,0,,,H5,HS,True,TOTAL,,,,C00,,0,0,,-1,,0.0,False,-1,,0.0,False,0.0,True,0.0,False,7157897500.0,,7157897500.0,4,False,True
541,C,A,20190101,2019,52,2019,348,,,M,,156,,,0,,,H5,HS,True,TOTAL,,,,C01,,0,0,,-1,,0.0,False,-1,,0.0,False,0.0,True,0.0,False,6999520896.0,,6999520896.0,4,False,True
547,C,A,20190101,2019,52,2019,348,,,M,,156,,,0,,,H5,HS,True,TOTAL,,,,C06,,0,0,,-1,,0.0,False,-1,,0.0,False,0.0,True,0.0,False,150677981.0,,150677981.0,4,False,True
552,C,A,20190101,2019,52,2019,348,,,M,,156,,,0,,,H5,HS,True,TOTAL,,,,C09,,0,0,,-1,,0.0,False,-1,,0.0,False,0.0,True,0.0,False,7698623.0,,7698623.0,4,False,True
557,C,A,20200101,2020,52,2020,348,,,M,,156,,,0,,,H5,HS,True,TOTAL,,,,C00,,0,0,,-1,,0.0,False,-1,,0.0,False,0.0,True,0.0,False,9017060378.0,0.0,9017060378.0,4,False,True
564,C,A,20200101,2020,52,2020,348,,,M,,156,,,0,,,H5,HS,True,TOTAL,,,,C01,,0,0,,-1,,0.0,False,-1,,0.0,False,0.0,True,0.0,False,8527646432.0,0.0,8527646432.0,4,False,True
571,C,A,20200101,2020,52,2020,348,,,M,,156,,,0,,,H5,HS,True,TOTAL,,,,C06,,0,0,,-1,,0.0,False,-1,,0.0,False,0.0,True,0.0,False,487149310.0,0.0,487149310.0,4,False,True
576,C,A,20200101,2020,52,2020,348,,,M,,156,,,0,,,H5,HS,True,TOTAL,,,,C07,,0,0,,-1,,0.0,False,-1,,0.0,False,0.0,True,0.0,False,2264636.0,0.0,2264636.0,4,False,True
580,C,A,20210101,2021,52,2021,348,,,M,,156,,,0,,,H5,HS,True,TOTAL,,,,C00,,0,0,,-1,,0.0,False,-1,,0.0,False,0.0,True,0.0,False,9825403731.0,0.0,9825403731.0,4,False,True
587,C,A,20210101,2021,52,2021,348,,,M,,156,,,0,,,H5,HS,True,TOTAL,,,,C01,,0,0,,-1,,0.0,False,-1,,0.0,False,0.0,True,0.0,False,9233169706.0,0.0,9233169706.0,4,False,True
594,C,A,20210101,2021,52,2021,348,,,M,,156,,,0,,,H5,HS,True,TOTAL,,,,C06,,0,0,,-1,,0.0,False,-1,,0.0,False,0.0,True,0.0,False,591564019.0,0.0,591564019.0,4,False,True
600,C,A,20210101,2021,52,2021,348,,,M,,156,,,0,,,H5,HS,True,TOTAL,,,,C07,,0,0,,-1,,0.0,False,-1,,0.0,False,0.0,True,0.0,False,670006.0,0.0,670006.0,4,False,True
604,C,A,20220101,2022,52,2022,348,,,M,,156,,,0,,,H6,HS,True,TOTAL,,,,C00,,0,0,,-1,,0.0,False,-1,,0.0,False,0.0,True,0.0,False,10733563807.0,,10733563807.0,4,False,True
611,C,A,20220101,2022,52,2022,348,,,M,,156,,,0,,,H6,HS,True,TOTAL,,,,C01,,0,0,,-1,,0.0,False,-1,,0.0,False,0.0,True,0.0,False,10304023454.0,,10304023454.0,4,False,True
618,C,A,20220101,2022,52,2022,348,,,M,,156,,,0,,,H6,HS,True,TOTAL,,,,C06,,0,0,,-1,,0.0,False,-1,,0.0,False,0.0,True,0.0,False,428551762.0,,428551762.0,4,False,True
623,C,A,20220101,2022,52,2022,348,,,M,,156,,,0,,,H6,HS,True,TOTAL,,,,C07,,0,0,,-1,,0.0,False,-1,,0.0,False,0.0,True,0.0,False,988591.0,,988591.0,4,False,True
627,C,A,20230101,2023,52,2023,348,,,M,,156,,,0,,,H6,HS,True,TOTAL,,,,C00,,0,0,,-1,,0.0,False,-1,,0.0,False,0.0,True,0.0,False,9789250054.0,,9789250054.0,4,False,True
633,C,A,20230101,2023,52,2023,348,,,M,,156,,,0,,,H6,HS,True,TOTAL,,,,C01,,0,0,,-1,,0.0,False,-1,,0.0,False,0.0,True,0.0,False,9442707623.0,,9442707623.0,4,False,True
639,C,A,20230101,2023,52,2023,348,,,M,,156,,,0,,,H6,HS,True,TOTAL,,,,C06,,0,0,,-1,,0.0,False,-1,,0.0,False,0.0,True,0.0,False,338853486.0,,338853486.0,4,False,True
645,C,A,20230101,2023,52,2023,348,,,M,,156,,,0,,,H6,HS,True,TOTAL,,,,C07,,0,0,,-1,,0.0,False,-1,,0.0,False,0.0,True,0.0,False,7688945.0,,7688945.0,4,False,True
651,C,A,20100101,2010,52,2010,352,,,M,,156,,,0,,,H3,HS,True,TOTAL,,,,C00,,0,0,,-1,,,False,-1,,,False,,False,,False,235665462.0,,235665462.0,0,True,False
652,C,A,20110101,2011,52,2011,352,,,M,,156,,,0,,,H3,HS,True,TOTAL,,,,C00,,0,0,,-1,,,False,-1,,,False,,False,,False,303031245.0,,303031245.0,0,True,False
653,C,A,20120101,2012,52,2012,352,,,M,,156,,,0,,,H4,HS,True,TOTAL,,,,C00,,0,0,,-1,,,False,-1,,,False,,False,,False,341502602.0,,341502602.0,0,True,False
654,C,A,20130101,2013,52,2013,352,,,M,,156,,,0,,,H4,HS,True,TOTAL,,,,C00,,0,0,,-1,,,False,-1,,,False,,False,,False,391969275.0,,391969275.0,0,True,False
655,C,A,20140101,2014,52,2014,352,,,M,,156,,,0,,,H4,HS,True,TOTAL,,,,C00,,0,0,,-1,,,False,-1,,,False,,False,,False,397510600.0,,397510600.0,0,True,False
656,C,A,20150101,2015,52,2015,352,,,M,,156,,,0,,,H4,HS,True,TOTAL,,,,C00,,0,0,,-1,,,False,-1,,,False,,False,,False,414334776.0,,414334776.0,0,True,False
657,C,A,20160101,2016,52,2016,352,,,M,,156,,,0,,,H4,HS,True,TOTAL,,,,C00,,0,0,,-1,,,False,-1,,,False,,False,,False,419223668.0,,419223668.0,0,True,False
658,C,A,20170101,2017,52,2017,352,,,M,,156,,,0,,,H5,HS,True,TOTAL,,,,C00,,0 ,0,,-1,,0.0,False,-1,,0.0,False,,True,,False,483220208.436,448797753.915,483220208.436,0,False,True
659,C,A,20180101,2018,52,2018,352,,,M,,156,,,0,,,H5,HS,True,TOTAL,,,,C00,,0 ,0,,-1,,0.0,False,-1,,0.0,False,,True,,False,680314734.922,629959120.979,680314734.922,0,False,True
660,C,A,20190101,2019,52,2019,352,,,M,,156,,,0,,,H5,HS,True,TOTAL,,,,C00,,0,0,,-1,,0.0,False,-1,,0.0,False,0.0,True,0.0,False,485664372.456,450197856.785,485664372.456,4,False,True
661,C,A,20200101,2020,52,2020,352,,,M,,156,,,0,,,H5,HS,True,TOTAL,,,,C00,,0,0,,-1,,0.0,False,-1,,0.0,False,0.0,True,0.0,False,480796151.99,448440314.155,480796151.99,4,False,True
662,C,A,20210101,2021,52,2021,352,,,M,,156,,,0,,,H5,HS,True,TOTAL,,,,C00,,0,0,,-1,,0.0,False,-1,,0.0,False,0.0,True,0.0,False,694912863.846,639857340.764,694912863.846,4,False,True
663,C,A,20220101,2022,52,2022,352,,,M,,156,,,0,,,H6,HS,True,TOTAL,,,,C00,,0,0,,-1,,0.0,False,-1,,0.0,False,0.0,True,0.0,False,903493842.864,837850854.899,903493842.864,4,False,True
664,C,A,20230101,2023,52,2023,352,,,M,,156,,,0,,,H6,HS,True,TOTAL,,,,C00,,0,0,,-1,,0.0,False,-1,,0.0,False,0.0,True,0.0,False,826643221.73,782290981.47,826643221.73,4,False,True
665,C,A,20100101,2010,52,2010,372,,,M,,156,,,0,,,H3,HS,True,TOTAL,,,,C00,,0,0,,-1,,0.0,False,-1,,0.0,False,0.0,True,0.0,False,3336509645.008,,3336509645.008,4,False,True
666,C,A,20110101,2011,52,2011,372,,,M,,156,,,0,,,H3,HS,True,TOTAL,,,,C00,,0,0,,-1,,0.0,False,-1,,0.0,False,0.0,True,0.0,False,3578146189.463,,3578146189.463,4,False,True
667,C,A,20120101,2012,52,2012,372,,,M,,156,,,0,,,H4,HS,True,TOTAL,,,,C00,,0 ,0,,-1,,0.0,False,-1,,0.0,False,,True,,False,3547683282.129,,3547683282.129,0,False,True
668,C,A,20130101,2013,52,2013,372,,,M,,156,,,0,,,H4,HS,True,TOTAL,,,,C00,,0,0,,-1,,0.0,False,-1,,0.0,False,0.0,True,0.0,False,3997916568.361,0.0,3997916568.361,4,False,True
669,C,A,20140101,2014,52,2014,372,,,M,,156,,,0,,,H4,HS,True,TOTAL,,,,C00,,0,0,,-1,,0.0,False,-1,,0.0,False,0.0,True,0.0,False,4499551031.411,0.0,4499551031.411,4,False,True
670,C,A,20150101,2015,52,2015,372,,,M,,156,,,0,,,H4,HS,True,TOTAL,,,,C00,,0,0,,-1,,0.0,False,-1,,0.0,False,0.0,True,0.0,False,4765502034.686,0.0,4765502034.686,4,False,True
671,C,A,20160101,2016,52,2016,372,,,M,,156,,,0,,,H4,HS,True,TOTAL,,,,C00,,0,0,,-1,,0.0,False,-1,,0.0,False,0.0,True,0.0,False,4581620163.004,0.0,4581620163.004,4,False,True
672,C,A,20170101,2017,52,2017,372,,,M,,156,,,0,,,H5,HS,True,TOTAL,,,,C00,,0,0,,-1,,0.0,False,-1,,0.0,False,0.0,True,0.0,False,5004575833.047,0.0,5004575833.047,4,False,True
673,C,A,20180101,2018,52,2018,372,,,M,,156,,,0,,,H5,HS,True,TOTAL,,,,C00,,0,0,,-1,,0.0,False,-1,,0.0,False,0.0,True,0.0,False,6275729116.42,0.0,6275729116.42,4,False,True
674,C,A,20190101,2019,52,2019,372,,,M,,156,,,0,,,H5,HS,True,TOTAL,,,,C00,,0,0,,-1,,0.0,False,-1,,0.0,False,0.0,True,0.0,False,6185710542.301,0.0,6185710542.301,4,False,True
675,C,A,20200101,2020,52,2020,372,,,M,,156,,,0,,,H5,HS,True,TOTAL,,,,C00,,0,0,,-1,,0.0,False,-1,,0.0,False,0.0,True,0.0,False,7477588962.299,0.0,7477588962.299,4,False,True
676,C,A,20210101,2021,52,2021,372,,,M,,156,,,0,,,H5,HS,True,TOTAL,,,,C00,,0,0,,-1,,0.0,False,-1,,0.0,False,0.0,True,0.0,False,9996877586.329,,9996877586.329,4,False,True
677,C,A,20220101,2022,52,2022,372,,,M,,156,,,0,,,H6,HS,True,TOTAL,,,,C00,,0,0,,-1,,0.0,False,-1,,0.0,False,0.0,True,0.0,False,15193428164.168,,15193428164.168,4,False,True
678,C,A,20230101,2023,52,2023,372,,,M,,156,,,0,,,H6,HS,True,TOTAL,,,,C00,,0,0,,-1,,0.0,False,-1,,0.0,False,0.0,True,0.0,False,11553221072.246,,11553221072.246,4,False,True
679,C,A,20100101,2010,52,2010,392,,,M,,156,,,0,,,H3,HS,True,TOTAL,,,,C00,,0,0,,-1,,,False,-1,,,False,,False,,False,153203233770.0,,153203233770.0,0,True,False
680,C,A,20110101,2011,52,2011,392,,,M,,156,,,0,,,H3,HS,True,TOTAL,,,,C00,,0,0,,-1,,,False,-1,,,False,,False,,False,183882189759.0,,183882189759.0,0,True,False
681,C,A,20120101,2012,52,2012,392,,,M,,156,,,0,,,H4,HS,True,TOTAL,,,,C00,,0,0,,-1,,,False,-1,,,False,,False,,False,188500370264.0,,188500370264.0,0,True,False
682,C,A,20130101,2013,52,2013,392,,,M,,156,,,0,,,H4,HS,True,TOTAL,,,,C00,,0,0,,-1,,,False,-1,,,False,,False,,False,180977514211.0,,180977514211.0,0,True,False
683,C,A,20140101,2014,52,2014,392,,,M,,156,,,0,,,H4,HS,True,TOTAL,,,,C00,,0,0,,-1,,,False,-1,,,False,,False,,False,181294159255.0,,181294159255.0,0,True,False
684,C,A,20150101,2015,52,2015,392,,,M,,156,,,0,,,H4,HS,True,TOTAL,,,,C00,,0,0,,-1,,,False,-1,,,False,,False,,False,160559698699.0,,160559698699.0,0,True,False
685,C,A,20160101,2016,52,2016,392,,,M,,156,,,0,,,H4,HS,True,TOTAL,,,,C00,,0,0,,-1,,,False,-1,,,False,,False,,False,156552583048.0,,156552583048.0,0,True,False
686,C,A,20170101,2017,52,2017,392,,,M,,156,,,0,,,H5,HS,True,TOTAL,,,,C00,,0,0,,-1,,0.0,False,-1,,0.0,False,0.0,True,0.0,False,164543433301.953,0.0,164543433301.953,4,False,True
687,C,A,20180101,2018,52,2018,392,,,M,,156,,,0,,,H5,HS,True,TOTAL,,,,C00,,0,0,,-1,,0.0,False,-1,,0.0,False,0.0,True,0.0,False,173716566952.912,0.0,173716566952.912,4,False,True
688,C,A,20190101,2019,52,2019,392,,,M,,156,,,0,,,H5,HS,True,TOTAL,,,,C00,,0,0,,-1,,0.0,False,-1,,0.0,False,0.0,True,0.0,False,169295821037.71,0.0,169295821037.71,4,False,True
689,C,A,20200101,2020,52,2020,392,,,M,,156,,,0,,,H5,HS,True,TOTAL,,,,C00,,0,0,,-1,,0.0,False,-1,,0.0,False,0.0,True,0.0,False,163850555245.582,0.0,163850555245.582,4,False,True
690,C,A,20210101,2021,52,2021,392,,,M,,156,,,0,,,H5,HS,True,TOTAL,,,,C00,,0,0,,-1,,0.0,False,-1,,0.0,False,0.0,True,0.0,False,185664476693.582,0.0,185664476693.582,4,False,True
691,C,A,20220101,2022,52,2022,392,,,M,,156,,,0,,,H6,HS,True,TOTAL,,,,C00,,0,0,,-1,,0.0,False,-1,,0.0,False,0.0,True,0.0,False,188857701313.612,0.0,188857701313.612,4,False,True
692,C,A,20230101,2023,52,2023,392,,,M,,156,,,0,,,H6,HS,True,TOTAL,,,,C00,,0,0,,-1,,0.0,False,-1,,0.0,False,0.0,True,0.0,False,168056752298.053,,168056752298.053,4,False,True
693,C,A,20100101,2010,52,2010,440,,,M,,156,,,0,,,H3,HS,True,TOTAL,,,,C00,,0,0,,-1,,,False,-1,,,False,,False,,False,570238922.0,,570238922.0,0,True,False
694,C,A,20110101,2011,52,2011,440,,,M,,156,,,0,,,H3,HS,True,TOTAL,,,,C00,,0,0,,-1,,,False,-1,,,False,,False,,False,628314685.0,,628314685.0,0,True,False
695,C,A,20120101,2012,52,2012,440,,,M,,156,,,0,,,H4,HS,True,TOTAL,,,,C00,,0,0,,-1,,,False,-1,,,False,,False,,False,681588094.0,,681588094.0,0,True,False
696,C,A,20130101,2013,52,2013,440,,,M,,156,,,0,,,H4,HS,True,TOTAL,,,,C00,,0,0,,-1,,,False,-1,,,False,,False,,False,750783908.0,,750783908.0,0,True,False
697,C,A,20140101,2014,52,2014,440,,,M,,156,,,0,,,H4,HS,True,TOTAL,,,,C00,,0,0,,-1,,,False,-1,,,False,,False,,False,884211851.0,,884211851.0,0,True,False
698,C,A,20150101,2015,52,2015,440,,,M,,156,,,0,,,H4,HS,True,TOTAL,,,,C00,,0,0,,-1,,,False,-1,,,False,,False,,False,806015898.0,,806015898.0,0,True,False
699,C,A,20160101,2016,52,2016,440,,,M,,156,,,0,,,H4,HS,True,TOTAL,,,,C00,,0 ,0,,-1,,0.0,False,-1,,0.0,False,,True,,False,784256814.99,,784256814.99,0,False,True
700,C,A,20170101,2017,52,2017,440,,,M,,156,,,0,,,H5,HS,True,TOTAL,,,,C00,,0,0,,-1,,0.0,False,-1,,0.0,False,0.0,True,0.0,False,929395701.95,,929395701.95,4,False,True
701,C,A,20180101,2018,52,2018,440,,,M,,156,,,0,,,H5,HS,True,TOTAL,,,,C00,,0 ,0,,-1,,0.0,False,-1,,0.0,False,,True,,False,1009313530.0,,1009313530.0,0,False,True
702,C,A,20190101,2019,52,2019,440,,,M,,156,,,0,,,H5,HS,True,TOTAL,,,,C00,,0,0,,-1,,0.0,False,-1,,0.0,False,0.0,True,0.0,False,1039963804.0,,1039963804.0,4,False,True
703,C,A,20200101,2020,52,2020,440,,,M,,156,,,0,,,H5,HS,True,TOTAL,,,,C00,,0,0,,-1,,0.0,False,-1,,0.0,False,0.0,True,0.0,False,1336895926.0,,1336895926.0,4,False,True
704,C,A,20210101,2021,52,2021,440,,,M,,156,,,0,,,H5,HS,True,TOTAL,,,,C00,,0,0,,-1,,0.0,False,-1,,0.0,False,0.0,True,0.0,False,1855223041.99,0.0,1855223041.99,4,False,True
705,C,A,20220101,2022,52,2022,440,,,M,,156,,,0,,,H6,HS,True,TOTAL,,,,C00,,0,0,,-1,,0.0,False,-1,,0.0,False,0.0,True,0.0,False,2088639733.0,,2088639733.0,4,False,True
706,C,A,20230101,2023,52,2023,440,,,M,,156,,,0,,,H6,HS,True,TOTAL,,,,C00,,0,0,,-1,,0.0,False,-1,,0.0,False,0.0,True,0.0,False,1845974137.0,,1845974137.0,4,False,True
707,C,A,20100101,2010,52,2010,528,,,M,,156,,,0,,,H3,HS,True,TOTAL,,,,C00,,0,0,,-1,,,False,-1,,,False,,False,,False,41097213779.0,,41097213779.0,0,True,False
708,C,A,20110101,2011,52,2011,528,,,M,,156,,,0,,,H3,HS,True,TOTAL,,,,C00,,0,0,,-1,,0.0,False,-1,,0.0,False,0.0,True,0.0,False,42957013473.362,,42957013473.362,4,False,True
709,C,A,20120101,2012,52,2012,528,,,M,,156,,,0,,,H4,HS,True,TOTAL,,,,C00,,0,0,,-1,,0.0,False,-1,,0.0,False,0.0,True,0.0,False,41012723859.709,,41012723859.709,4,False,True
710,C,A,20130101,2013,52,2013,528,,,M,,156,,,0,,,H4,HS,True,TOTAL,,,,C00,,0,0,,-1,,0.0,False,-1,,0.0,False,0.0,True,0.0,False,42219298826.795,,42219298826.795,4,False,True
711,C,A,20140101,2014,52,2014,528,,,M,,156,,,0,,,H4,HS,True,TOTAL,,,,C00,,0,0,,-1,,0.0,False,-1,,0.0,False,0.0,True,0.0,False,47037454316.324,,47037454316.324,4,False,True
712,C,A,20150101,2015,52,2015,528,,,M,,156,,,0,,,H4,HS,True,TOTAL,,,,C00,,0,0,,-1,,0.0,False,-1,,0.0,False,0.0,True,0.0,False,35955086004.413,,35955086004.413,4,False,True
713,C,A,20160101,2016,52,2016,528,,,M,,156,,,0,,,H4,HS,True,TOTAL,,,,C00,,0,0,,-1,,0.0,False,-1,,0.0,False,0.0,True,0.0,False,35979810323.887,,35979810323.887,4,False,True
714,C,A,20170101,2017,52,2017,528,,,M,,156,,,0,,,H5,HS,True,TOTAL,,,,C00,,0,0,,-1,,0.0,False,-1,,0.0,False,0.0,True,0.0,False,40790608949.524,,40790608949.524,4,False,True
715,C,A,20180101,2018,52,2018,528,,,M,,156,,,0,,,H5,HS,True,TOTAL,,,,C00,,0,0,,-1,,0.0,False,-1,,0.0,False,0.0,True,0.0,False,46276604505.926,,46276604505.926,4,False,True
716,C,A,20190101,2019,52,2019,528,,,M,,156,,,0,,,H5,HS,True,TOTAL,,,,C00,,0,0,,-1,,0.0,False,-1,,0.0,False,0.0,True,0.0,False,48168517539.151,,48168517539.151,4,False,True
717,C,A,20200101,2020,52,2020,528,,,M,,156,,,0,,,H5,HS,True,TOTAL,,,,C00,,0,0,,-1,,0.0,False,-1,,0.0,False,0.0,True,0.0,False,51227906353.633,0.0,51227906353.633,4,False,True
718,C,A,20210101,2021,52,2021,528,,,M,,156,,,0,,,H5,HS,True,TOTAL,,,,C00,,0,0,,-1,,0.0,False,-1,,0.0,False,0.0,True,0.0,False,63542649265.415,0.0,63542649265.415,4,False,True
719,C,A,20220101,2022,52,2022,528,,,M,,156,,,0,,,H6,HS,True,TOTAL,,,,C00,,0,0,,-1,,0.0,False,-1,,0.0,False,0.0,True,0.0,False,67656334150.498,,67656334150.498,4,False,True
720,C,A,20230101,2023,52,2023,528,,,M,,156,,,0,,,H6,HS,True,TOTAL,,,,C00,,0,0,,-1,,0.0,False,-1,,0.0,False,0.0,True,0.0,False,55403242550.136,,55403242550.136,4,False,True
721,C,A,20100101,2010,52,2010,554,,,M,,156,,,0,,,H3,HS,True,TOTAL,,,,C00,,0,0,,-1,,0.0,False,-1,,0.0,False,0.0,True,0.0,False,4872407772.413,,4872407772.413,4,False,True
725,C,A,20110101,2011,52,2011,554,,,M,,156,,,0,,,H3,HS,True,TOTAL,,,,C00,,0,0,,-1,,0.0,False,-1,,0.0,False,0.0,True,0.0,False,5876729911.21,,5876729911.21,4,False,True
729,C,A,20120101,2012,52,2012,554,,,M,,156,,,0,,,H4,HS,True,TOTAL,,,,C00,,0 ,0,,-1,,0.0,False,-1,,0.0,False,,True,,False,6248986386.151,,6248986386.151,0,False,True
733,C,A,20130101,2013,52,2013,554,,,M,,156,,,0,,,H4,HS,True,TOTAL,,,,C00,,0 ,0,,-1,,0.0,False,-1,,0.0,False,,True,,False,6770766523.427,,6770766523.427,0,False,True
737,C,A,20140101,2014,52,2014,554,,,M,,156,,,0,,,H4,HS,True,TOTAL,,,,C00,,0 ,0,,-1,,0.0,False,-1,,0.0,False,,True,,False,7198993138.419,,7198993138.419,0,False,True
741,C,A,20150101,2015,52,2015,554,,,M,,156,,,0,,,H4,HS,True,TOTAL,,,,C00,,0 ,0,,-1,,0.0,False,-1,,0.0,False,,True,,False,7146236998.723,,7146236998.723,0,False,True
745,C,A,20160101,2016,52,2016,554,,,M,,156,,,0,,,H4,HS,True,TOTAL,,,,C00,,0 ,0,,-1,,0.0,False,-1,,0.0,False,0.0,True,0.0,False,7203337601.777,,7203337601.777,4,False,True
749,C,A,20170101,2017,52,2017,554,,,M,,156,,,0,,,H5,HS,True,TOTAL,,,,C00,,0,0,,-1,,0.0,False,-1,,0.0,False,0.0,True,0.0,False,7748410971.97,7479419018.144,7748410971.97,4,False,True
753,C,A,20180101,2018,52,2018,554,,,M,,156,,,0,,,H5,HS,True,TOTAL,,,,C00,,0,0,,-1,,0.0,False,-1,,0.0,False,0.0,True,0.0,False,8643468142.917,0.0,8643468142.917,4,False,True
754,C,A,20190101,2019,52,2019,554,,,M,,156,,,0,,,H5,HS,True,TOTAL,,,,C00,,0,0,,-1,,0.0,False,-1,,0.0,False,0.0,True,0.0,False,8542972033.747,8258439398.504,8542972033.747,4,False,True
755,C,A,20200101,2020,52,2020,554,,,M,,156,,,0,,,H5,HS,True,TOTAL,,,,C00,,0,0,,-1,,0.0,False,-1,,0.0,False,0.0,True,0.0,False,8296252307.32,7948107539.068,8296252307.32,4,False,True
756,C,A,20210101,2021,52,2021,554,,,M,,156,,,0,,,H5,HS,True,TOTAL,,,,C00,,0,0,,-1,,0.0,False,-1,,0.0,False,0.0,True,0.0,False,11774053083.663,10853957809.41,11774053083.663,4,False,True
757,C,A,20220101,2022,52,2022,554,,,M,,156,,,0,,,H6,HS,True,TOTAL,,,,C00,,0,0,,-1,,0.0,False,-1,,0.0,False,0.0,True,0.0,False,12686967649.288,11513171763.83,12686967649.288,4,False,True
758,C,A,20230101,2023,52,2023,554,,,M,,156,,,0,,,H6,HS,True,TOTAL,,,,C00,,0,0,,-1,,0.0,False,-1,,0.0,False,0.0,True,0.0,False,10456232285.786,,10456232285.786,4,False,True
759,C,A,20100101,2010,52,2010,703,,,M,,156,,,0,,,H3,HS,True,TOTAL,,,,C00,,0,0,,-1,,0.0,False,-1,,0.0,False,0.0,True,0.0,False,4034100962.634,3898351310.848,4034100962.634,4,False,True
767,C,A,20100101,2010,52,2010,703,,,M,,156,,,0,,,H3,HS,True,TOTAL,,,,C01,,0,0,,-1,,0.0,False,-1,,0.0,False,0.0,True,0.0,False,2367292309.126,2264048127.228,2367292309.126,4,False,True
774,C,A,20100101,2010,52,2010,703,,,M,,156,,,0,,,H3,HS,True,TOTAL,,,,C06,,0,0,,-1,,0.0,False,-1,,0.0,False,0.0,True,0.0,False,3311142.596,3071791.021,3311142.596,4,False,True
778,C,A,20100101,2010,52,2010,703,,,M,,156,,,0,,,H3,HS,True,TOTAL,,,,C07,,0,0,,-1,,0.0,False,-1,,0.0,False,0.0,True,0.0,False,62092.607,61985.224,62092.607,4,False,True
780,C,A,20100101,2010,52,2010,703,,,M,,156,,,0,,,H3,HS,True,TOTAL,,,,C20,,0,0,,-1,,0.0,False,-1,,0.0,False,0.0,True,0.0,False,1663435418.305,1631169407.375,1663435418.305,4,False,True
787,C,A,20110101,2011,52,2011,703,,,M,,156,,,0,,,H3,HS,True,TOTAL,,,,C00,,0,0,,-1,,0.0,False,-1,,0.0,False,0.0,True,0.0,False,4757675811.061,4616327261.514,4757675811.061,4,False,True
796,C,A,20110101,2011,52,2011,703,,,M,,156,,,0,,,H3,HS,True,TOTAL,,,,C01,,0,0,,-1,,0.0,False,-1,,0.0,False,0.0,True,0.0,False,2686347499.614,2582453671.031,2686347499.614,4,False,True
804,C,A,20110101,2011,52,2011,703,,,M,,156,,,0,,,H3,HS,True,TOTAL,,,,C06,,0,0,,-1,,0.0,False,-1,,0.0,False,0.0,True,0.0,False,3291088.292,3172361.49,3291088.292,4,False,True
808,C,A,20110101,2011,52,2011,703,,,M,,156,,,0,,,H3,HS,True,TOTAL,,,,C07,,0,0,,-1,,0.0,False,-1,,0.0,False,0.0,False,0.0,False,39040.162,31557.012,39040.162,0,False,True
811,C,A,20110101,2011,52,2011,703,,,M,,156,,,0,,,H3,HS,True,TOTAL,,,,C20,,0,0,,-1,,0.0,False,-1,,0.0,False,0.0,True,0.0,False,2067998182.993,2030669671.981,2067998182.993,4,False,True
819,C,A,20120101,2012,52,2012,703,,,M,,156,,,0,,,H4,HS,True,TOTAL,,,,C00,,0,0,,-1,,0.0,False,-1,,0.0,False,0.0,True,0.0,False,4881282949.721,4743242793.879,4881282949.721,4,False,True
828,C,A,20120101,2012,52,2012,703,,,M,,156,,,0,,,H4,HS,True,TOTAL,,,,C01,,0,0,,-1,,0.0,False,-1,,0.0,False,0.0,True,0.0,False,2798879396.012,2691616269.445,2798879396.012,4,False,True
834,C,A,20120101,2012,52,2012,703,,,M,,156,,,0,,,H4,HS,True,TOTAL,,,,C06,,0,0,,-1,,0.0,False,-1,,0.0,False,0.0,True,0.0,False,5893641.916,5763718.913,5893641.916,4,False,True
838,C,A,20120101,2012,52,2012,703,,,M,,156,,,0,,,H4,HS,True,TOTAL,,,,C07,,0,0,,-1,,0.0,False,-1,,0.0,False,0.0,False,0.0,False,49132.901,47908.497,49132.901,0,False,True
841,C,A,20120101,2012,52,2012,703,,,M,,156,,,0,,,H4,HS,True,TOTAL,,,,C20,,0,0,,-1,,0.0,False,-1,,0.0,False,0.0,True,0.0,False,2076460778.892,2045814897.024,2076460778.892,4,False,True
849,C,A,20130101,2013,52,2013,703,,,M,,156,,,0,,,H4,HS,True,TOTAL,,,,C00,,0,0,,-1,,0.0,False,-1,,0.0,False,0.0,True,0.0,False,6112199815.567,5941216495.114,6112199815.567,4,False,True
858,C,A,20130101,2013,52,2013,703,,,M,,156,,,0,,,H4,HS,True,TOTAL,,,,C01,,0,0,,-1,,0.0,False,-1,,0.0,False,0.0,True,0.0,False,2999172770.012,2869687715.681,2999172770.012,4,False,True
864,C,A,20130101,2013,52,2013,703,,,M,,156,,,0,,,H4,HS,True,TOTAL,,,,C06,,0,0,,-1,,0.0,False,-1,,0.0,False,0.0,True,0.0,False,11968651.449,11499003.69,11968651.449,4,False,True
868,C,A,20130101,2013,52,2013,703,,,M,,156,,,0,,,H4,HS,True,TOTAL,,,,C07,,0,0,,-1,,0.0,False,-1,,0.0,False,0.0,False,0.0,False,8219.722,8219.722,8219.722,0,False,True
873,C,A,20130101,2013,52,2013,703,,,M,,156,,,0,,,H4,HS,True,TOTAL,,,,C20,,0,0,,-1,,0.0,False,-1,,0.0,False,0.0,True,0.0,False,3101050174.383,3060021556.02,3101050174.383,4,False,True
881,C,A,20140101,2014,52,2014,703,,,M,,156,,,0,,,H4,HS,True,TOTAL,,,,C00,,0,0,,-1,,0.0,False,-1,,0.0,False,0.0,True,0.0,False,6677842565.973,6479910065.508,6677842565.973,4,False,True
890,C,A,20140101,2014,52,2014,703,,,M,,156,,,0,,,H4,HS,True,TOTAL,,,,C01,,0,0,,-1,,0.0,False,-1,,0.0,False,0.0,True,0.0,False,2949417878.178,2808830646.808,2949417878.178,4,False,True
897,C,A,20140101,2014,52,2014,703,,,M,,156,,,0,,,H4,HS,True,TOTAL,,,,C06,,0,0,,-1,,0.0,False,-1,,0.0,False,0.0,True,0.0,False,15307405.671,14701044.602,15307405.671,4,False,True
901,C,A,20140101,2014,52,2014,703,,,M,,156,,,0,,,H4,HS,True,TOTAL,,,,C07,,0,0,,-1,,0.0,False,-1,,0.0,False,0.0,False,0.0,False,40842.106,40043.677,40842.106,0,False,True
905,C,A,20140101,2014,52,2014,703,,,M,,156,,,0,,,H4,HS,True,TOTAL,,,,C20,,0,0,,-1,,0.0,False,-1,,0.0,False,0.0,True,0.0,False,3713076440.017,3656338330.421,3713076440.017,4,False,True
913,C,A,20150101,2015,52,2015,703,,,M,,156,,,0,,,H4,HS,True,TOTAL,,,,C00,,0,0,,-1,,0.0,False,-1,,0.0,False,0.0,True,0.0,False,6469010338.446,6266093258.907,6469010338.446,4,False,True
922,C,A,20150101,2015,52,2015,703,,,M,,156,,,0,,,H4,HS,True,TOTAL,,,,C01,,0,0,,-1,,0.0,False,-1,,0.0,False,0.0,True,0.0,False,2920121623.936,2782107975.998,2920121623.936,4,False,True
929,C,A,20150101,2015,52,2015,703,,,M,,156,,,0,,,H4,HS,True,TOTAL,,,,C06,,0,0,,-1,,0.0,False,-1,,0.0,False,0.0,False,0.0,False,6152904.198,5930281.524,6152904.198,0,False,True
933,C,A,20150101,2015,52,2015,703,,,M,,156,,,0,,,H4,HS,True,TOTAL,,,,C07,,0,0,,-1,,0.0,False,-1,,0.0,False,0.0,False,0.0,False,185341.928,181256.701,185341.928,0,False,True
937,C,A,20150101,2015,52,2015,703,,,M,,156,,,0,,,H4,HS,True,TOTAL,,,,C20,,0,0,,-1,,0.0,False,-1,,0.0,False,0.0,True,0.0,False,3542550468.385,3477873744.684,3542550468.385,4,False,True
945,C,A,20160101,2016,52,2016,703,,,M,,156,,,0,,,H4,HS,True,TOTAL,,,,C00,,0,0,,-1,,0.0,False,-1,,0.0,False,0.0,True,0.0,False,6346477166.029,6161887354.113,6346477166.029,4,False,True
954,C,A,20160101,2016,52,2016,703,,,M,,156,,,0,,,H4,HS,True,TOTAL,,,,C01,,0,0,,-1,,0.0,False,-1,,0.0,False,0.0,True,0.0,False,3287487442.778,3173459840.195,3287487442.778,4,False,True
960,C,A,20160101,2016,52,2016,703,,,M,,156,,,0,,,H4,HS,True,TOTAL,,,,C06,,0,0,,-1,,0.0,False,-1,,0.0,False,0.0,True,0.0,False,5708001.014,5550236.343,5708001.014,4,False,True
964,C,A,20160101,2016,52,2016,703,,,M,,156,,,0,,,H4,HS,True,TOTAL,,,,C07,,0,0,,-1,,0.0,False,-1,,0.0,False,0.0,False,0.0,False,223345.353,223291.115,223345.353,0,False,True
967,C,A,20160101,2016,52,2016,703,,,M,,156,,,0,,,H4,HS,True,TOTAL,,,,C20,,0,0,,-1,,0.0,False,-1,,0.0,False,0.0,True,0.0,False,3053058376.884,2982653986.46,3053058376.884,4,False,True
975,C,A,20170101,2017,52,2017,703,,,M,,156,,,0,,,H5,HS,True,TOTAL,,,,C00,,0,0,,-1,,0.0,False,-1,,0.0,False,0.0,True,0.0,False,6102156536.228,5950840015.009,6102156536.228,4,False,True
985,C,A,20170101,2017,52,2017,703,,,M,,156,,,0,,,H5,HS,True,TOTAL,,,,C01,,0,0,,-1,,0.0,False,-1,,0.0,False,0.0,True,0.0,False,3307290046.568,3221439229.533,3307290046.568,4,False,True
992,C,A,20170101,2017,52,2017,703,,,M,,156,,,0,,,H5,HS,True,TOTAL,,,,C06,,0,0,,-1,,0.0,False,-1,,0.0,False,0.0,True,0.0,False,34433672.129,33343002.403,34433672.129,4,False,True
996,C,A,20170101,2017,52,2017,703,,,M,,156,,,0,,,H5,HS,True,TOTAL,,,,C07,,0,0,,-1,,0.0,False,-1,,0.0,False,0.0,False,0.0,False,543719.984,543148.365,543719.984,0,False,True
1000,C,A,20170101,2017,52,2017,703,,,M,,156,,,0,,,H5,HS,True,TOTAL,,,,C20,,0,0,,-1,,0.0,False,-1,,0.0,False,0.0,True,0.0,False,2759889097.547,2695514634.707,2759889097.547,4,False,True
1009,C,A,20180101,2018,52,2018,703,,,M,,156,,,0,,,H5,HS,True,TOTAL,,,,C00,,0,0,,-1,,0.0,False,-1,,0.0,False,0.0,True,0.0,False,5546645364.109,5413716776.802,5546645364.109,4,False,True
1019,C,A,20180101,2018,52,2018,703,,,M,,156,,,0,,,H5,HS,True,TOTAL,,,,C01,,0,0,,-1,,0.0,False,-1,,0.0,False,0.0,True,0.0,False,2935776749.078,2852249724.394,2935776749.078,4,False,True
1026,C,A,20180101,2018,52,2018,703,,,M,,156,,,0,,,H5,HS,True,TOTAL,,,,C06,,0,0,,-1,,0.0,False,-1,,0.0,False,0.0,True,0.0,False,98029112.642,94232083.36,98029112.642,4,False,True
1031,C,A,20180101,2018,52,2018,703,,,M,,156,,,0,,,H5,HS,True,TOTAL,,,,C07,,0,0,,-1,,0.0,False,-1,,0.0,False,0.0,False,0.0,False,203563.403,200300.427,203563.403,0,False,True
1035,C,A,20180101,2018,52,2018,703,,,M,,156,,,0,,,H5,HS,True,TOTAL,,,,C20,,0,0,,-1,,0.0,False,-1,,0.0,False,0.0,True,0.0,False,2512635938.986,2467034668.62,2512635938.986,4,False,True
1044,C,A,20190101,2019,52,2019,703,,,M,,156,,,0,,,H5,HS,True,TOTAL,,,,C00,,0,0,,-1,,0.0,False,-1,,0.0,False,0.0,True,0.0,False,5784605476.475,5646040614.575,5784605476.475,4,False,True
1052,C,A,20190101,2019,52,2019,703,,,M,,156,,,0,,,H5,HS,True,TOTAL,,,,C01,,0,0,,-1,,0.0,False,-1,,0.0,False,0.0,True,0.0,False,2988039069.267,2904430053.453,2988039069.267,4,False,True
1058,C,A,20190101,2019,52,2019,703,,,M,,156,,,0,,,H5,HS,True,TOTAL,,,,C06,,0,0,,-1,,0.0,False,-1,,0.0,False,0.0,True,0.0,False,223251960.126,214920315.576,223251960.126,4,False,True
1063,C,A,20190101,2019,52,2019,703,,,M,,156,,,0,,,H5,HS,True,TOTAL,,,,C07,,0,0,,-1,,0.0,False,-1,,0.0,False,0.0,False,0.0,False,108268.905,105611.271,108268.905,0,False,True
1066,C,A,20190101,2019,52,2019,703,,,M,,156,,,0,,,H5,HS,True,TOTAL,,,,C20,,0,0,,-1,,0.0,False,-1,,0.0,False,0.0,True,0.0,False,2573206178.177,2526584634.275,2573206178.177,4,False,True
1073,C,A,20200101,2020,52,2020,703,,,M,,156,,,0,,,H5,HS,True,TOTAL,,,,C00,,0,0,,-1,,0.0,False,-1,,0.0,False,0.0,True,0.0,False,5732722908.161,5597187923.963,5732722908.161,4,False,True
1081,C,A,20200101,2020,52,2020,703,,,M,,156,,,0,,,H5,HS,True,TOTAL,,,,C01,,0,0,,-1,,0.0,False,-1,,0.0,False,0.0,True,0.0,False,3021943959.218,2937886741.323,3021943959.218,4,False,True
1087,C,A,20200101,2020,52,2020,703,,,M,,156,,,0,,,H5,HS,True,TOTAL,,,,C06,,0,0,,-1,,0.0,False,-1,,0.0,False,0.0,True,0.0,False,136077969.328,132570227.16,136077969.328,4,False,True
1092,C,A,20200101,2020,52,2020,703,,,M,,156,,,0,,,H5,HS,True,TOTAL,,,,C07,,0,0,,-1,,0.0,False,-1,,0.0,False,0.0,True,0.0,False,70572.864,68057.749,70572.864,4,False,True
1095,C,A,20200101,2020,52,2020,703,,,M,,156,,,0,,,H5,HS,True,TOTAL,,,,C20,,0,0,,-1,,0.0,False,-1,,0.0,False,0.0,True,0.0,False,2574630406.751,2526662897.731,2574630406.751,4,False,True
1102,C,A,20210101,2021,52,2021,703,,,M,,156,,,0,,,H5,HS,True,TOTAL,,,,C00,,0,0,,-1,,0.0,False,-1,,0.0,False,0.0,True,0.0,False,7656037877.531,7438712141.567,7656037877.531,4,False,True
1111,C,A,20210101,2021,52,2021,703,,,M,,156,,,0,,,H5,HS,True,TOTAL,,,,C01,,0,0,,-1,,0.0,False,-1,,0.0,False,0.0,True,0.0,False,4102705211.327,3948812125.608,4102705211.327,4,False,True
1117,C,A,20210101,2021,52,2021,703,,,M,,156,,,0,,,H5,HS,True,TOTAL,,,,C06,,0,0,,-1,,0.0,False,-1,,0.0,False,0.0,True,0.0,False,127234440.837,125009897.918,127234440.837,4,False,True
1122,C,A,20210101,2021,52,2021,703,,,M,,156,,,0,,,H5,HS,True,TOTAL,,,,C07,,0,0,,-1,,0.0,False,-1,,0.0,False,0.0,False,0.0,False,229412.59,208307.772,229412.59,0,False,True
1125,C,A,20210101,2021,52,2021,703,,,M,,156,,,0,,,H5,HS,True,TOTAL,,,,C20,,0,0,,-1,,0.0,False,-1,,0.0,False,0.0,True,0.0,False,3425868812.777,3364681810.269,3425868812.777,4,False,True
1133,C,A,20220101,2022,52,2022,703,,,M,,156,,,0,,,H6,HS,True,TOTAL,,,,C00,,0,0,,-1,,0.0,False,-1,,0.0,False,0.0,True,0.0,False,8722710101.231,8450125825.469,8722710101.231,4,False,True
1142,C,A,20220101,2022,52,2022,703,,,M,,156,,,0,,,H6,HS,True,TOTAL,,,,C01,,0,0,,-1,,0.0,False,-1,,0.0,False,0.0,True,0.0,False,4566718336.702,4369761083.965,4566718336.702,4,False,True
1148,C,A,20220101,2022,52,2022,703,,,M,,156,,,0,,,H6,HS,True,TOTAL,,,,C06,,0,0,,-1,,0.0,False,-1,,0.0,False,0.0,True,0.0,False,254645240.632,244510614.267,254645240.632,4,False,True
1153,C,A,20220101,2022,52,2022,703,,,M,,156,,,0,,,H6,HS,True,TOTAL,,,,C07,,0,0,,-1,,0.0,False,-1,,0.0,False,0.0,False,0.0,False,297129.254,275679.707,297129.254,0,False,True
1157,C,A,20220101,2022,52,2022,703,,,M,,156,,,0,,,H6,HS,True,TOTAL,,,,C20,,0,0,,-1,,0.0,False,-1,,0.0,False,0.0,True,0.0,False,3901049394.643,3835578447.53,3901049394.643,4,False,True
1165,C,A,20230101,2023,52,2023,703,,,M,,156,,,0,,,H6,HS,True,TOTAL,,,,C00,,0,0,,-1,,0.0,False,-1,,0.0,False,0.0,True,0.0,False,8531901032.298,8283651419.362,8531901032.298,4,False,True
1173,C,A,20230101,2023,52,2023,703,,,M,,156,,,0,,,H6,HS,True,TOTAL,,,,C01,,0,0,,-1,,0.0,False,-1,,0.0,False,0.0,True,0.0,False,4239003150.414,4064342134.449,4239003150.414,4,False,True
1179,C,A,20230101,2023,52,2023,703,,,M,,156,,,0,,,H6,HS,True,TOTAL,,,,C06,,0,0,,-1,,0.0,False,-1,,0.0,False,0.0,True,0.0,False,339389167.518,330212329.369,339389167.518,4,False,True
1184,C,A,20230101,2023,52,2023,703,,,M,,156,,,0,,,H6,HS,True,TOTAL,,,,C07,,0,0,,-1,,0.0,False,-1,,0.0,False,0.0,False,0.0,False,91007.136,73457.065,91007.136,0,False,True
1188,C,A,20230101,2023,52,2023,703,,,M,,156,,,0,,,H6,HS,True,TOTAL,,,,C20,,0,0,,-1,,0.0,False,-1,,0.0,False,0.0,True,0.0,False,3953417707.23,3889023498.479,3953417707.23,4,False,True
1195,C,A,20100101,2010,52,2010,724,,,M,,156,,,0,,,H3,HS,True,TOTAL,,,,C00,,0,0,,-1,,0.0,False,-1,,0.0,False,0.0,True,0.0,False,25071365490.576,,25071365490.576,4,False,True
1205,C,A,20100101,2010,52,2010,724,,,M,,156,,,0,,,H3,HS,True,TOTAL,,,,C01,,0,0,,-1,,0.0,False,-1,,0.0,False,0.0,True,0.0,False,21280856004.688,,21280856004.688,4,False,True
1215,C,A,20100101,2010,52,2010,724,,,M,,156,,,0,,,H3,HS,True,TOTAL,,,,C02,,0,0,,-1,,0.0,False,-1,,0.0,False,0.0,False,0.0,False,69638741.829,,69638741.829,0,False,True
1221,C,A,20100101,2010,52,2010,724,,,M,,156,,,0,,,H3,HS,True,TOTAL,,,,C04,,0,0,,-1,,0.0,False,-1,,0.0,False,0.0,False,0.0,False,3156534.214,,3156534.214,0,False,True
1225,C,A,20100101,2010,52,2010,724,,,M,,156,,,0,,,H3,HS,True,TOTAL,,,,C06,,0,0,,-1,,0.0,False,-1,,0.0,False,0.0,False,0.0,False,120756332.699,,120756332.699,0,False,True
1233,C,A,20100101,2010,52,2010,724,,,M,,156,,,0,,,H3,HS,True,TOTAL,,,,C20,,0,0,,-1,,0.0,False,-1,,0.0,False,0.0,True,0.0,False,3596957877.147,,3596957877.147,4,False,True
1240,C,A,20110101,2011,52,2011,724,,,M,,156,,,0,,,H3,HS,True,TOTAL,,,,C00,,0,0,,-1,,0.0,False,-1,,0.0,False,0.0,True,0.0,False,26020563900.505,,26020563900.505,4,False,True
1250,C,A,20110101,2011,52,2011,724,,,M,,156,,,0,,,H3,HS,True,TOTAL,,,,C01,,0,0,,-1,,0.0,False,-1,,0.0,False,0.0,True,0.0,False,21550291980.935,,21550291980.935,4,False,True
1259,C,A,20110101,2011,52,2011,724,,,M,,156,,,0,,,H3,HS,True,TOTAL,,,,C02,,0,0,,-1,,0.0,False,-1,,0.0,False,0.0,False,0.0,False,125900359.063,,125900359.063,0,False,True
1265,C,A,20110101,2011,52,2011,724,,,M,,156,,,0,,,H3,HS,True,TOTAL,,,,C04,,0,0,,-1,,0.0,False,-1,,0.0,False,0.0,False,0.0,False,2785957.506,,2785957.506,0,False,True
1269,C,A,20110101,2011,52,2011,724,,,M,,156,,,0,,,H3,HS,True,TOTAL,,,,C06,,0,0,,-1,,0.0,False,-1,,0.0,False,0.0,False,0.0,False,175424334.718,,175424334.718,0,False,True
1274,C,A,20110101,2011,52,2011,724,,,M,,156,,,0,,,H3,HS,True,TOTAL,,,,C20,,0,0,,-1,,0.0,False,-1,,0.0,False,0.0,True,0.0,False,4166161268.283,,4166161268.283,4,False,True
1281,C,A,20120101,2012,52,2012,724,,,M,,156,,,0,,,H4,HS,True,TOTAL,,,,C00,,0,0,,-1,,0.0,False,-1,,0.0,False,,True,0.0,False,22898485733.988,,22898485733.988,4,False,True
1291,C,A,20120101,2012,52,2012,724,,,M,,156,,,0,,,H4,HS,True,TOTAL,,,,C01,,0,0,,-1,,0.0,False,-1,,0.0,False,,True,0.0,False,18886966870.185,,18886966870.185,4,False,True
1300,C,A,20120101,2012,52,2012,724,,,M,,156,,,0,,,H4,HS,True,TOTAL,,,,C02,,0,0,,-1,,0.0,False,-1,,0.0,False,0.0,False,0.0,False,108855168.868,,108855168.868,0,False,True
1306,C,A,20120101,2012,52,2012,724,,,M,,156,,,0,,,H4,HS,True,TOTAL,,,,C04,,0,0,,-1,,0.0,False,-1,,0.0,False,0.0,False,0.0,False,3350490.372,,3350490.372,0,False,True
1309,C,A,20120101,2012,52,2012,724,,,M,,156,,,0,,,H4,HS,True,TOTAL,,,,C06,,0,0,,-1,,0.0,False,-1,,0.0,False,0.0,False,0.0,False,192911899.414,,192911899.414,0,False,True
1314,C,A,20120101,2012,52,2012,724,,,M,,156,,,0,,,H4,HS,True,TOTAL,,,,C20,,0,0,,-1,,0.0,False,-1,,0.0,False,0.0,True,0.0,False,3706401305.148,,3706401305.148,4,False,True
1321,C,A,20130101,2013,52,2013,724,,,M,,156,,,0,,,H4,HS,True,TOTAL,,,,C00,,0,0,,-1,,0.0,False,-1,,0.0,False,,True,0.0,False,23133388935.856,,23133388935.856,4,False,True
1331,C,A,20130101,2013,52,2013,724,,,M,,156,,,0,,,H4,HS,True,TOTAL,,,,C01,,0,0,,-1,,0.0,False,-1,,0.0,False,,True,0.0,False,19048177426.846,,19048177426.846,4,False,True
1341,C,A,20130101,2013,52,2013,724,,,M,,156,,,0,,,H4,HS,True,TOTAL,,,,C02,,0,0,,-1,,0.0,False,-1,,0.0,False,0.0,False,0.0,False,81183739.518,,81183739.518,0,False,True
1347,C,A,20130101,2013,52,2013,724,,,M,,156,,,0,,,H4,HS,True,TOTAL,,,,C04,,0,0,,-1,,0.0,False,-1,,0.0,False,0.0,False,0.0,False,2574499.665,,2574499.665,0,False,True
1351,C,A,20130101,2013,52,2013,724,,,M,,156,,,0,,,H4,HS,True,TOTAL,,,,C06,,0,0,,-1,,0.0,False,-1,,0.0,False,0.0,False,0.0,False,199728380.395,,199728380.395,0,False,True
1356,C,A,20130101,2013,52,2013,724,,,M,,156,,,0,,,H4,HS,True,TOTAL,,,,C20,,0,0,,-1,,0.0,False,-1,,0.0,False,0.0,True,0.0,False,3801724889.431,,3801724889.431,4,False,True
1362,C,A,20140101,2014,52,2014,724,,,M,,156,,,0,,,H4,HS,True,TOTAL,,,,C00,,0,0,,-1,,0.0,False,-1,,0.0,False,0.0,True,0.0,False,26485812793.953,,26485812793.953,4,False,True
1372,C,A,20140101,2014,52,2014,724,,,M,,156,,,0,,,H4,HS,True,TOTAL,,,,C01,,0,0,,-1,,0.0,False,-1,,0.0,False,0.0,True,0.0,False,21884365975.413,,21884365975.413,4,False,True
1382,C,A,20140101,2014,52,2014,724,,,M,,156,,,0,,,H4,HS,True,TOTAL,,,,C02,,0,0,,-1,,0.0,False,-1,,0.0,False,0.0,False,0.0,False,52019250.865,,52019250.865,0,False,True
1388,C,A,20140101,2014,52,2014,724,,,M,,156,,,0,,,H4,HS,True,TOTAL,,,,C04,,0,0,,-1,,0.0,False,-1,,0.0,False,0.0,False,0.0,False,670907.524,,670907.524,0,False,True
1391,C,A,20140101,2014,52,2014,724,,,M,,156,,,0,,,H4,HS,True,TOTAL,,,,C06,,0,0,,-1,,0.0,False,-1,,0.0,False,0.0,False,0.0,False,188610133.436,,188610133.436,0,False,True
1396,C,A,20140101,2014,52,2014,724,,,M,,156,,,0,,,H4,HS,True,TOTAL,,,,C20,,0,0,,-1,,0.0,False,-1,,0.0,False,0.0,True,0.0,False,4360146526.715,,4360146526.715,4,False,True
1404,C,A,20150101,2015,52,2015,724,,,M,,156,,,0,,,H4,HS,True,TOTAL,,,,C00,,0,0,,-1,,0.0,False,-1,,0.0,False,0.0,True,0.0,False,26242883499.178,,26242883499.178,4,False,True
1414,C,A,20150101,2015,52,2015,724,,,M,,156,,,0,,,H4,HS,True,TOTAL,,,,C01,,0,0,,-1,,0.0,False,-1,,0.0,False,0.0,True,0.0,False,21901538409.36,,21901538409.36,4,False,True
1424,C,A,20150101,2015,52,2015,724,,,M,,156,,,0,,,H4,HS,True,TOTAL,,,,C02,,0,0,,-1,,0.0,False,-1,,0.0,False,0.0,False,0.0,False,37682445.142,,37682445.142,0,False,True
1430,C,A,20150101,2015,52,2015,724,,,M,,156,,,0,,,H4,HS,True,TOTAL,,,,C04,,0,0,,-1,,0.0,False,-1,,0.0,False,0.0,False,0.0,False,3362059.899,,3362059.899,0,False,True
1433,C,A,20150101,2015,52,2015,724,,,M,,156,,,0,,,H4,HS,True,TOTAL,,,,C06,,0,0,,-1,,0.0,False,-1,,0.0,False,0.0,False,0.0,False,182244456.198,,182244456.198,0,False,True
1438,C,A,20150101,2015,52,2015,724,,,M,,156,,,0,,,H4,HS,True,TOTAL,,,,C20,,0,0,,-1,,0.0,False,-1,,0.0,False,0.0,True,0.0,False,4118056128.579,,4118056128.579,4,False,True
1445,C,A,20160101,2016,52,2016,724,,,M,,156,,,0,,,H4,HS,True,TOTAL,,,,C00,,0,0,,-1,,0.0,False,-1,,0.0,False,,True,0.0,False,26378796779.487,,26378796779.487,4,False,True
1455,C,A,20160101,2016,52,2016,724,,,M,,156,,,0,,,H4,HS,True,TOTAL,,,,C01,,0,0,,-1,,0.0,False,-1,,0.0,False,0.0,True,0.0,False,21962157991.178,,21962157991.178,4,False,True
1465,C,A,20160101,2016,52,2016,724,,,M,,156,,,0,,,H4,HS,True,TOTAL,,,,C02,,0,0,,-1,,0.0,False,-1,,0.0,False,0.0,False,0.0,False,44009153.145,,44009153.145,0,False,True
1471,C,A,20160101,2016,52,2016,724,,,M,,156,,,0,,,H4,HS,True,TOTAL,,,,C04,,0,0,,-1,,0.0,False,-1,,0.0,False,,True,0.0,False,3377415.176,,3377415.176,4,False,True
1474,C,A,20160101,2016,52,2016,724,,,M,,156,,,0,,,H4,HS,True,TOTAL,,,,C06,,0,0,,-1,,0.0,False,-1,,0.0,False,0.0,True,0.0,False,179579710.341,,179579710.341,4,False,True
1480,C,A,20160101,2016,52,2016,724,,,M,,156,,,0,,,H4,HS,True,TOTAL,,,,C20,,0,0,,-1,,0.0,False,-1,,0.0,False,0.0,True,0.0,False,4189672509.647,,4189672509.647,4,False,True
1489,C,A,20170101,2017,52,2017,724,,,M,,156,,,0,,,H5,HS,True,TOTAL,,,,C00,,0,0,,-1,,0.0,False,-1,,0.0,False,,False,0.0,False,29179069304.725,,29179069304.725,0,False,True
1499,C,A,20170101,2017,52,2017,724,,,M,,156,,,0,,,H5,HS,True,TOTAL,,,,C01,,0,0,,-1,,0.0,False,-1,,0.0,False,0.0,True,0.0,False,24074175371.815,,24074175371.815,4,False,True
1509,C,A,20170101,2017,52,2017,724,,,M,,156,,,0,,,H5,HS,True,TOTAL,,,,C02,,0,0,,-1,,0.0,False,-1,,0.0,False,0.0,True,0.0,False,44822253.343,,44822253.343,4,False,True
1515,C,A,20170101,2017,52,2017,724,,,M,,156,,,0,,,H5,HS,True,TOTAL,,,,C06,,0,0,,-1,,0.0,False,-1,,0.0,False,0.0,True,0.0,False,247035173.23,,247035173.23,4,False,True
1520,C,A,20170101,2017,52,2017,724,,,M,,156,,,0,,,H5,HS,True,TOTAL,,,,C20,,0,0,,-1,,0.0,False,-1,,0.0,False,,False,0.0,False,4813036506.337,,4813036506.337,0,False,True
1528,C,A,20180101,2018,52,2018,724,,,M,,156,,,0,,,H5,HS,True,TOTAL,,,,C00,,0,0,,-1,,0.0,False,-1,,0.0,False,0.0,True,0.0,False,31797406563.419,,31797406563.419,4,False,True
1538,C,A,20180101,2018,52,2018,724,,,M,,156,,,0,,,H5,HS,True,TOTAL,,,,C01,,0,0,,-1,,0.0,False,-1,,0.0,False,0.0,True,0.0,False,26413076354.761,,26413076354.761,4,False,True
1548,C,A,20180101,2018,52,2018,724,,,M,,156,,,0,,,H5,HS,True,TOTAL,,,,C02,,0,0,,-1,,0.0,False,-1,,0.0,False,0.0,False,0.0,False,60368073.854,,60368073.854,0,False,True
1553,C,A,20180101,2018,52,2018,724,,,M,,156,,,0,,,H5,HS,True,TOTAL,,,,C06,,0,0,,-1,,0.0,False,-1,,0.0,False,0.0,False,0.0,False,278303292.804,,278303292.804,0,False,True
1560,C,A,20180101,2018,52,2018,724,,,M,,156,,,0,,,H5,HS,True,TOTAL,,,,C20,,0,0,,-1,,0.0,False,-1,,0.0,False,0.0,True,0.0,False,5045658841.999,,5045658841.999,4,False,True
1569,C,A,20190101,2019,52,2019,724,,,M,,156,,,0,,,H5,HS,True,TOTAL,,,,C00,,0,0,,-1,,0.0,False,-1,,0.0,False,0.0,True,0.0,False,32637725661.508,,32637725661.508,4,False,True
1579,C,A,20190101,2019,52,2019,724,,,M,,156,,,0,,,H5,HS,True,TOTAL,,,,C01,,0,0,,-1,,0.0,False,-1,,0.0,False,0.0,True,0.0,False,27477928871.637,,27477928871.637,4,False,True
1589,C,A,20190101,2019,52,2019,724,,,M,,156,,,0,,,H5,HS,True,TOTAL,,,,C02,,0,0,,-1,,0.0,False,-1,,0.0,False,0.0,False,0.0,False,62148563.728,,62148563.728,0,False,True
1593,C,A,20190101,2019,52,2019,724,,,M,,156,,,0,,,H5,HS,True,TOTAL,,,,C06,,0,0,,-1,,0.0,False,-1,,0.0,False,0.0,False,0.0,False,302692881.937,,302692881.937,0,False,True
1599,C,A,20190101,2019,52,2019,724,,,M,,156,,,0,,,H5,HS,True,TOTAL,,,,C20,,0,0,,-1,,0.0,False,-1,,0.0,False,0.0,True,0.0,False,4794955344.206,,4794955344.206,4,False,True
1608,C,A,20200101,2020,52,2020,724,,,M,,156,,,0,,,H5,HS,True,TOTAL,,,,C00,,0,0,,-1,,0.0,False,-1,,0.0,False,0.0,True,0.0,False,33510177963.317,0.0,33510177963.317,4,False,True
1618,C,A,20200101,2020,52,2020,724,,,M,,156,,,0,,,H5,HS,True,TOTAL,,,,C01,,0,0,,-1,,0.0,False,-1,,0.0,False,0.0,True,0.0,False,28150294262.241,0.0,28150294262.241,4,False,True
1628,C,A,20200101,2020,52,2020,724,,,M,,156,,,0,,,H5,HS,True,TOTAL,,,,C02,,0,0,,-1,,0.0,False,-1,,0.0,False,0.0,False,0.0,False,49524096.429,0.0,49524096.429,0,False,True
1632,C,A,20200101,2020,52,2020,724,,,M,,156,,,0,,,H5,HS,True,TOTAL,,,,C06,,0,0,,-1,,0.0,False,-1,,0.0,False,0.0,False,0.0,False,540077272.627,0.0,540077272.627,0,False,True
1639,C,A,20200101,2020,52,2020,724,,,M,,156,,,0,,,H5,HS,True,TOTAL,,,,C20,,0,0,,-1,,0.0,False,-1,,0.0,False,0.0,True,0.0,False,4770282332.019,0.0,4770282332.019,4,False,True
1648,C,A,20210101,2021,52,2021,724,,,M,,156,,,0,,,H5,HS,True,TOTAL,,,,C00,,0,0,,-1,,0.0,False,-1,,0.0,False,0.0,True,0.0,False,41200348060.876,0.0,41200348060.876,4,False,True
1658,C,A,20210101,2021,52,2021,724,,,M,,156,,,0,,,H5,HS,True,TOTAL,,,,C01,,0,0,,-1,,0.0,False,-1,,0.0,False,0.0,True,0.0,False,35165451272.27,0.0,35165451272.27,4,False,True
1668,C,A,20210101,2021,52,2021,724,,,M,,156,,,0,,,H5,HS,True,TOTAL,,,,C02,,0,0,,-1,,0.0,False,-1,,0.0,False,0.0,False,0.0,False,60175450.682,0.0,60175450.682,0,False,True
1673,C,A,20210101,2021,52,2021,724,,,M,,156,,,0,,,H5,HS,True,TOTAL,,,,C06,,0,0,,-1,,0.0,False,-1,,0.0,False,0.0,False,0.0,False,890476040.116,0.0,890476040.116,0,False,True
1680,C,A,20210101,2021,52,2021,724,,,M,,156,,,0,,,H5,HS,True,TOTAL,,,,C20,,0,0,,-1,,0.0,False,-1,,0.0,False,0.0,True,0.0,False,5084245297.808,0.0,5084245297.808,4,False,True
1689,C,A,20220101,2022,52,2022,724,,,M,,156,,,0,,,H6,HS,True,TOTAL,,,,C00,,0,0,,-1,,0.0,False,-1,,0.0,False,0.0,True,0.0,False,52200709177.258,,52200709177.258,4,False,True
1699,C,A,20220101,2022,52,2022,724,,,M,,156,,,0,,,H6,HS,True,TOTAL,,,,C01,,0,0,,-1,,0.0,False,-1,,0.0,False,0.0,True,0.0,False,42859398700.898,,42859398700.898,4,False,True
1709,C,A,20220101,2022,52,2022,724,,,M,,156,,,0,,,H6,HS,True,TOTAL,,,,C02,,0,0,,-1,,0.0,False,-1,,0.0,False,0.0,True,0.0,False,96561679.883,,96561679.883,4,False,True
1713,C,A,20220101,2022,52,2022,724,,,M,,156,,,0,,,H6,HS,True,TOTAL,,,,C06,,0,0,,-1,,0.0,False,-1,,0.0,False,0.0,False,0.0,False,1192339187.991,,1192339187.991,0,False,True
1720,C,A,20220101,2022,52,2022,724,,,M,,156,,,0,,,H6,HS,True,TOTAL,,,,C20,,0,0,,-1,,0.0,False,-1,,0.0,False,0.0,True,0.0,False,8052409608.485,,8052409608.485,4,False,True
1729,C,A,20230101,2023,52,2023,724,,,M,,156,,,0,,,H6,HS,True,TOTAL,,,,C00,,0,0,,-1,,0.0,False,-1,,0.0,False,0.0,True,0.0,False,47555396152.749,,47555396152.749,4,False,True
1739,C,A,20230101,2023,52,2023,724,,,M,,156,,,0,,,H6,HS,True,TOTAL,,,,C01,,0,0,,-1,,0.0,False,-1,,0.0,False,0.0,True,0.0,False,37452610986.136,,37452610986.136,4,False,True
1749,C,A,20230101,2023,52,2023,724,,,M,,156,,,0,,,H6,HS,True,TOTAL,,,,C02,,0,0,,-1,,0.0,False,-1,,0.0,False,0.0,False,0.0,False,140393111.179,,140393111.179,0,False,True
1753,C,A,20230101,2023,52,2023,724,,,M,,156,,,0,,,H6,HS,True,TOTAL,,,,C06,,0,0,,-1,,0.0,False,-1,,0.0,False,0.0,False,0.0,False,1741153448.893,,1741153448.893,0,False,True
1759,C,A,20230101,2023,52,2023,724,,,M,,156,,,0,,,H6,HS,True,TOTAL,,,,C20,,0,0,,-1,,0.0,False,-1,,0.0,False,0.0,True,0.0,False,8221238606.541,,8221238606.541,4,False,True
1768,C,A,20100101,2010,52,2010,752,,,M,,156,,,0,,,H3,HS,True,TOTAL,,,,C00,,0,0,,-1,,,False,-1,,,False,,False,,False,7407657439.0,,7407657439.0,0,True,False
1769,C,A,20110101,2011,52,2011,752,,,M,,156,,,0,,,H3,HS,True,TOTAL,,,,C00,,0,0,,-1,,,False,-1,,,False,,False,,False,6845032635.0,,6845032635.0,0,True,False
1770,C,A,20120101,2012,52,2012,752,,,M,,156,,,0,,,H4,HS,True,TOTAL,,,,C00,,0,0,,-1,,0.0,False,-1,,0.0,False,0.0,True,0.0,False,8053266091.978,0.0,8053266091.978,4,False,True
1777,C,A,20130101,2013,52,2013,752,,,M,,156,,,0,,,H4,HS,True,TOTAL,,,,C00,,0,0,,-1,,0.0,False,-1,,0.0,False,0.0,True,0.0,False,8197296165.93,0.0,8197296165.93,4,False,True
1785,C,A,20140101,2014,52,2014,752,,,M,,156,,,0,,,H4,HS,True,TOTAL,,,,C00,,0,0,,-1,,0.0,False,-1,,0.0,False,0.0,True,0.0,False,8695062124.562,0.0,8695062124.562,4,False,True
1793,C,A,20150101,2015,52,2015,752,,,M,,156,,,0,,,H4,HS,True,TOTAL,,,,C00,,0,0,,-1,,0.0,False,-1,,0.0,False,0.0,True,0.0,False,8216406647.392,,8216406647.392,4,False,True
1800,C,A,20160101,2016,52,2016,752,,,M,,156,,,0,,,H4,HS,True,TOTAL,,,,C00,,0,0,,-1,,0.0,False,-1,,0.0,False,0.0,True,0.0,False,7876689498.15,0.0,7876689498.15,4,False,True
1808,C,A,20170101,2017,52,2017,752,,,M,,156,,,0,,,H5,HS,True,TOTAL,,,,C00,,0,0,,-1,,0.0,False,-1,,0.0,False,0.0,True,0.0,False,8401806026.269,0.0,8401806026.269,4,False,True
1816,C,A,20180101,2018,52,2018,752,,,M,,156,,,0,,,H5,HS,True,TOTAL,,,,C00,,0,0,,-1,,0.0,False,-1,,0.0,False,0.0,True,0.0,False,9059114642.325,0.0,9059114642.325,4,False,True
1824,C,A,20190101,2019,52,2019,752,,,M,,156,,,0,,,H5,HS,True,TOTAL,,,,C00,,0,0,,-1,,0.0,False,-1,,0.0,False,0.0,True,0.0,False,9665745204.406,,9665745204.406,4,False,True
1833,C,A,20200101,2020,52,2020,752,,,M,,156,,,0,,,H5,HS,True,TOTAL,,,,C00,,0,0,,-1,,0.0,False,-1,,0.0,False,0.0,True,0.0,False,9248034307.204,0.0,9248034307.204,4,False,True
1841,C,A,20210101,2021,52,2021,752,,,M,,156,,,0,,,H5,HS,True,TOTAL,,,,C00,,0,0,,-1,,0.0,False,-1,,0.0,False,0.0,True,0.0,False,12908672793.53,,12908672793.53,4,False,True
1849,C,A,20220101,2022,52,2022,752,,,M,,156,,,0,,,H6,HS,True,TOTAL,,,,C00,,0,0,,-1,,0.0,False,-1,,0.0,False,,False,0.0,False,14321195058.686,,14321195058.686,0,False,True
1858,C,A,20230101,2023,52,2023,752,,,M,,156,,,0,,,H6,HS,True,TOTAL,,,,C00,,0,0,,-1,,0.0,False,-1,,0.0,False,0.0,True,0.0,False,11054665018.998,,11054665018.998,4,False,True
1867,C,A,20100101,2010,52,2010,826,,,M,,156,,,0,,,H3,HS,True,TOTAL,,,,C00,,0,0,,-1,,,False,-1,,,False,,False,,False,61733671529.0,,61733671529.0,0,True,False
1868,C,A,20110101,2011,52,2011,826,,,M,,156,,,0,,,H3,HS,True,TOTAL,,,,C00,,0,0,,-1,,,False,-1,,,False,,False,,False,66039713607.0,,66039713607.0,0,True,False
1869,C,A,20120101,2012,52,2012,826,,,M,,156,,,0,,,H4,HS,True,TOTAL,,,,C00,,0,0,,-1,,,False,-1,,,False,,False,,False,56267400219.0,,56267400219.0,0,True,False
1870,C,A,20130101,2013,52,2013,826,,,M,,156,,,0,,,H4,HS,True,TOTAL,,,,C00,,0,0,,-1,,,False,-1,,,False,,False,,False,57587864581.0,,57587864581.0,0,True,False
1871,C,A,20140101,2014,52,2014,826,,,M,,156,,,0,,,H4,HS,True,TOTAL,,,,C00,,0,0,,-1,,,False,-1,,,False,,False,,False,64147253698.0,,64147253698.0,0,True,False
1872,C,A,20150101,2015,52,2015,826,,,M,,156,,,0,,,H4,HS,True,TOTAL,,,,C00,,0,0,,-1,,,False,-1,,,False,,False,,False,62979613764.0,,62979613764.0,0,True,False
1873,C,A,20160101,2016,52,2016,826,,,M,,156,,,0,,,H4,HS,True,TOTAL,,,,C00,,0,0,,-1,,,False,-1,,,False,,False,,False,59575883133.0,,59575883133.0,0,True,False
1874,C,A,20170101,2017,52,2017,826,,,M,,156,,,0,,,H5,HS,True,TOTAL,,,,C00,,0 ,0,,-1,,0.0,False,-1,,0.0,False,0.0,True,0.0,False,59860984044.661,,59860984044.661,0,False,True
1881,C,A,20180101,2018,52,2018,826,,,M,,156,,,0,,,H5,HS,True,TOTAL,,,,C00,,0 ,0,,-1,,0.0,False,-1,,0.0,False,0.0,True,0.0,False,63391696591.004,,63391696591.004,0,False,True
1883,C,A,20190101,2019,52,2019,826,,,M,,156,,,0,,,H5,HS,True,TOTAL,,,,C00,,0,0,,-1,,0.0,False,-1,,0.0,False,0.0,True,0.0,False,65529528079.325,,65529528079.325,4,False,True
1891,C,A,20200101,2020,52,2020,826,,,M,,156,,,0,,,H5,HS,True,TOTAL,,,,C00,,0,0,,-1,,0.0,False,-1,,0.0,False,0.0,True,0.0,False,75478932256.567,0.0,75478932256.567,4,False,True
1898,C,A,20210101,2021,52,2021,826,,,M,,156,,,0,,,H5,HS,True,TOTAL,,,,C00,,0,0,,-1,,0.0,False,-1,,0.0,False,0.0,True,0.0,False,91162191832.604,0.0,91162191832.604,4,False,True
1906,C,A,20220101,2022,52,2022,826,,,M,,156,,,0,,,H6,HS,True,TOTAL,,,,C00,,0,0,,-1,,0.0,False,-1,,0.0,False,0.0,True,0.0,False,110328925110.132,,110328925110.132,4,False,True
1913,C,A,20230101,2023,52,2023,826,,,M,,156,,,0,,,H6,HS,True,TOTAL,,,,C00,,0,0,,-1,,0.0,False,-1,,0.0,False,0.0,True,0.0,False,99220998768.775,,99220998768.775,4,False,True
1920,C,A,20100101,2010,52,2010,842,,,M,,156,,,0,,,H3,HS,True,TOTAL,,,,C00,,0,0,,-1,,,False,-1,,,False,,False,,False,382964820324.0,,382964820324.0,0,True,False
1921,C,A,20110101,2011,52,2011,842,,,M,,156,,,0,,,H3,HS,True,TOTAL,,,,C00,,0,0,,-1,,,False,-1,,,False,,False,,False,417340261542.0,,417340261542.0,0,True,False
1922,C,A,20120101,2012,52,2012,842,,,M,,156,,,0,,,H4,HS,True,TOTAL,,,,C00,,0,0,,-1,,,False,-1,,,False,,False,,False,444386003526.0,,444386003526.0,0,True,False
1923,C,A,20130101,2013,52,2013,842,,,M,,156,,,0,,,H4,HS,True,TOTAL,,,,C00,,0,0,,-1,,,False,-1,,,False,,False,,False,459107864232.0,,459107864232.0,0,True,False
1924,C,A,20140101,2014,52,2014,842,,,M,,156,,,0,,,H4,HS,True,TOTAL,,,,C00,,0,0,,-1,,,False,-1,,,False,,False,,False,486296238006.0,,486296238006.0,0,True,False
1925,C,A,20150101,2015,52,2015,842,,,M,,156,,,0,,,H4,HS,True,TOTAL,,,,C00,,0,0,,-1,,,False,-1,,,False,,False,,False,504028116963.0,,504028116963.0,0,True,False
1926,C,A,20160101,2016,52,2016,842,,,M,,156,,,0,,,H4,HS,True,TOTAL,,,,C00,,0,0,,-1,,0.0,False,-1,,0.0,False,0.0,True,0.0,False,481310447998.0,,481310447998.0,4,False,True
1927,C,A,20170101,2017,52,2017,842,,,M,,156,,,0,,,H5,HS,True,TOTAL,,,,C00,,0,0,,-1,,0.0,False,-1,,0.0,False,0.0,True,0.0,False,525764714470.0,0.0,525764714470.0,4,False,True
1928,C,A,20180101,2018,52,2018,842,,,M,,156,,,0,,,H5,HS,True,TOTAL,,,,C00,,0,0,,-1,,0.0,False,-1,,0.0,False,0.0,True,0.0,False,563203119540.0,0.0,563203119540.0,4,False,True
1929,C,A,20190101,2019,52,2019,842,,,M,,156,,,0,,,H5,HS,True,TOTAL,,,,C00,,0,0,,-1,,0.0,False,-1,,0.0,False,0.0,True,0.0,False,472464913744.0,452235266769.0,472464913744.0,4,False,True
1930,C,A,20200101,2020,52,2020,842,,,M,,156,,,0,,,H5,HS,True,TOTAL,,,,C00,,0,0,,-1,,0.0,False,-1,,0.0,False,0.0,True,0.0,False,457164215509.0,0.0,457164215509.0,4,False,True
1931,C,A,20210101,2021,52,2021,842,,,M,,156,,,0,,,H5,HS,True,TOTAL,,,,C00,,0,0,,-1,,0.0,False,-1,,0.0,False,0.0,True,0.0,False,541531352242.0,0.0,541531352242.0,4,False,True
1932,C,A,20220101,2022,52,2022,842,,,M,,156,,,0,,,H6,HS,True,TOTAL,,,,C00,,0,0,,-1,,0.0,False,-1,,0.0,False,0.0,True,0.0,False,575688091172.0,536732471721.0,575688091172.0,4,False,True
1933,C,A,20230101,2023,52,2023,842,,,M,,156,,,0,,,H6,HS,True,TOTAL,,,,C00,,0,0,,-1,,0.0,False,-1,,0.0,False,0.0,True,0.0,False,448017376384.0,427211065635.0,448017376384.0,4,False,True
