country,ISO3,year,co2_per_capita
Andorra,AND,2000,7.9806256
Andorra,AND,2001,7.959651
Andorra,AND,2002,7.992899
Andorra,AND,2003,7.701912
Andorra,AND,2004,7.5454874
Andorra,AND,2005,7.433105
Andorra,AND,2006,6.862631
Andorra,AND,2007,6.5804276
Andorra,AND,2008,6.452868
Andorra,AND,2009,6.1603327
Andorra,AND,2010,6.4034505
Andorra,AND,2011,6.314885
Andorra,AND,2012,6.344217
Andorra,AND,2013,6.336149
Andorra,AND,2014,6.264013
Andorra,AND,2015,6.449363
Andorra,AND,2016,6.5007763
Andorra,AND,2017,6.3609385
Andorra,AND,2018,6.6312327
Andorra,AND,2019,6.423361
Andorra,AND,2020,4.926832
Andorra,AND,2021,5.239097
Andorra,AND,2022,5.2659054
Andorra,AND,2023,5.244343
Argentina,ARG,2000,3.8552415
Argentina,ARG,2001,3.5916998
Argentina,ARG,2002,3.2851255
Argentina,ARG,2003,3.499908
Argentina,ARG,2004,4.046011
Argentina,ARG,2005,4.1203976
Argentina,ARG,2006,4.39929
Argentina,ARG,2007,4.3377132
Argentina,ARG,2008,4.634423
Argentina,ARG,2009,4.361317
Argentina,ARG,2010,4.5035615
Argentina,ARG,2011,4.5476246
Argentina,ARG,2012,4.53876
Argentina,ARG,2013,4.451081
Argentina,ARG,2014,4.3788686
Argentina,ARG,2015,4.41024
Argentina,ARG,2016,4.32618
Argentina,ARG,2017,4.219999
Argentina,ARG,2018,4.0443406
Argentina,ARG,2019,3.969191
Argentina,ARG,2020,3.65377
Argentina,ARG,2021,4.217578
Argentina,ARG,2022,4.4943905
Argentina,ARG,2023,4.2998033
Armenia,ARM,2000,1.1170479
Armenia,ARM,2001,1.1453818
Armenia,ARM,2002,1.0069385
Armenia,ARM,2003,1.1370969
Armenia,ARM,2004,1.2212437
Armenia,ARM,2005,1.4556637
Armenia,ARM,2006,1.4719477
Armenia,ARM,2007,1.7144848
Armenia,ARM,2008,1.8834113
Armenia,ARM,2009,1.4813764
Armenia,ARM,2010,1.450935
Armenia,ARM,2011,1.6997997
Armenia,ARM,2012,1.966913
Armenia,ARM,2013,1.8939363
Armenia,ARM,2014,1.9176472
Armenia,ARM,2015,1.8723351
Armenia,ARM,2016,1.7826151
Armenia,ARM,2017,1.9006206
Armenia,ARM,2018,2.0008378
Armenia,ARM,2019,2.164008
Armenia,ARM,2020,2.3506444
Armenia,ARM,2021,2.5840976
Armenia,ARM,2022,2.4869792
Armenia,ARM,2023,2.584923
Australia,AUS,2000,18.293966
Australia,AUS,2001,18.475426
Australia,AUS,2002,18.501194
Australia,AUS,2003,18.649893
Australia,AUS,2004,19.113388
Australia,AUS,2005,19.02867
Australia,AUS,2006,19.055374
Australia,AUS,2007,19.063927
Australia,AUS,2008,18.943853
Australia,AUS,2009,18.688644
Australia,AUS,2010,18.297338
Australia,AUS,2011,17.965439
Australia,AUS,2012,17.77464
Australia,AUS,2013,17.17437
Australia,AUS,2014,16.644192
Australia,AUS,2015,16.76538
Australia,AUS,2016,16.867634
Australia,AUS,2017,16.732754
Australia,AUS,2018,16.544464
Australia,AUS,2019,16.315792
Australia,AUS,2020,15.506062
Australia,AUS,2021,14.987446
Australia,AUS,2022,14.66979
Australia,AUS,2023,14.478505
Bangladesh,BGD,2000,0.19725306
Bangladesh,BGD,2001,0.22706808
Bangladesh,BGD,2002,0.23037542
Bangladesh,BGD,2003,0.2376082
Bangladesh,BGD,2004,0.25179237
Bangladesh,BGD,2005,0.26062736
Bangladesh,BGD,2006,0.2850008
Bangladesh,BGD,2007,0.28836748
Bangladesh,BGD,2008,0.3033399
Bangladesh,BGD,2009,0.3260236
Bangladesh,BGD,2010,0.35502523
Bangladesh,BGD,2011,0.36195287
Bangladesh,BGD,2012,0.38501218
Bangladesh,BGD,2013,0.41373494
Bangladesh,BGD,2014,0.42763647
Bangladesh,BGD,2015,0.482795
Bangladesh,BGD,2016,0.5084299
Bangladesh,BGD,2017,0.53352576
Bangladesh,BGD,2018,0.52965784
Bangladesh,BGD,2019,0.5748978
Bangladesh,BGD,2020,0.57399553
Bangladesh,BGD,2021,0.64190555
Bangladesh,BGD,2022,0.67221427
Bangladesh,BGD,2023,0.6615086
Bolivia,BOL,2000,0.97996825
Bolivia,BOL,2001,0.9988706
Bolivia,BOL,2002,1.1688838
Bolivia,BOL,2003,1.2118468
Bolivia,BOL,2004,1.1985703
Bolivia,BOL,2005,1.3153518
Bolivia,BOL,2006,1.2951919
Bolivia,BOL,2007,1.3107055
Bolivia,BOL,2008,1.3161584
Bolivia,BOL,2009,1.3516202
Bolivia,BOL,2010,1.4455271
Bolivia,BOL,2011,1.5411018
Bolivia,BOL,2012,1.6675287
Bolivia,BOL,2013,1.663367
Bolivia,BOL,2014,1.8331811
Bolivia,BOL,2015,1.8054603
Bolivia,BOL,2016,1.8997626
Bolivia,BOL,2017,1.9543539
Bolivia,BOL,2018,1.9549538
Bolivia,BOL,2019,1.9368082
Bolivia,BOL,2020,1.5497013
Bolivia,BOL,2021,1.8225433
Bolivia,BOL,2022,1.852948
Bolivia,BOL,2023,1.9078085
Brazil,BRA,2000,1.95487
Brazil,BRA,2001,1.9634924
Brazil,BRA,2002,1.9482261
Brazil,BRA,2003,1.908094
Brazil,BRA,2004,1.978562
Brazil,BRA,2005,1.9728998
Brazil,BRA,2006,1.9762388
Brazil,BRA,2007,2.071431
Brazil,BRA,2008,2.1675894
Brazil,BRA,2009,2.0292337
Brazil,BRA,2010,2.2729208
Brazil,BRA,2011,2.368747
Brazil,BRA,2012,2.5310798
Brazil,BRA,2013,2.6825008
Brazil,BRA,2014,2.7883189
Brazil,BRA,2015,2.6247764
Brazil,BRA,2016,2.4247255
Brazil,BRA,2017,2.4340897
Brazil,BRA,2018,2.3210206
Brazil,BRA,2019,2.281887
Brazil,BRA,2020,2.1336453
Brazil,BRA,2021,2.3765988
Brazil,BRA,2022,2.3006465
Brazil,BRA,2023,2.3040092
Canada,CAN,2000,18.330502
Canada,CAN,2001,17.888409
Canada,CAN,2002,17.87598
Canada,CAN,2003,18.243011
Canada,CAN,2004,18.024137
Canada,CAN,2005,17.658834
Canada,CAN,2006,17.343971
Canada,CAN,2007,17.88609
Canada,CAN,2008,17.213346
Canada,CAN,2009,16.046993
Canada,CAN,2010,16.221796
Canada,CAN,2011,16.301949
Canada,CAN,2012,16.156395
Canada,CAN,2013,16.117868
Canada,CAN,2014,15.896765
Canada,CAN,2015,15.728859
Canada,CAN,2016,15.3733425
Canada,CAN,2017,15.474789
Canada,CAN,2018,15.527008
Canada,CAN,2019,15.404461
Canada,CAN,2020,13.795024
Canada,CAN,2021,14.050852
Canada,CAN,2022,14.183269
Canada,CAN,2023,13.977411
Chile,CHL,2000,3.7734895
Chile,CHL,2001,3.3740773
Chile,CHL,2002,3.457938
Chile,CHL,2003,3.4384542
Chile,CHL,2004,3.658951
Chile,CHL,2005,3.7389753
Chile,CHL,2006,3.8797834
Chile,CHL,2007,4.227355
Chile,CHL,2008,4.189846
Chile,CHL,2009,3.8777807
Chile,CHL,2010,4.1525984
Chile,CHL,2011,4.499339
Chile,CHL,2012,4.54481
Chile,CHL,2013,4.6213045
Chile,CHL,2014,4.3433294
Chile,CHL,2015,4.5314765
Chile,CHL,2016,4.612125
Chile,CHL,2017,4.5336003
Chile,CHL,2018,4.4692864
Chile,CHL,2019,4.791046
Chile,CHL,2020,4.1391754
Chile,CHL,2021,4.29965
Chile,CHL,2022,4.221193
Chile,CHL,2023,3.9314575
China,CHN,2000,2.8743548
China,CHN,2001,2.9158025
China,CHN,2002,3.1884003
China,CHN,2003,3.7397096
China,CHN,2004,4.0068736
China,CHN,2005,4.4900646
China,CHN,2006,4.9272113
China,CHN,2007,5.267368
China,CHN,2008,5.6240664
China,CHN,2009,5.877799
China,CHN,2010,6.3782344
China,CHN,2011,7.0077763
China,CHN,2012,7.140667
China,CHN,2013,7.2199216
China,CHN,2014,7.1978407
China,CHN,2015,7.0648346
China,CHN,2016,6.9532394
China,CHN,2017,7.084865
China,CHN,2018,7.2818375
China,CHN,2019,7.5264006
China,CHN,2020,7.6471825
China,CHN,2021,8.025529
China,CHN,2022,7.964287
China,CHN,2023,8.366814
Colombia,COL,2000,1.4477241
Colombia,COL,2001,1.4316118
Colombia,COL,2002,1.3862796
Colombia,COL,2003,1.4016063
Colombia,COL,2004,1.3154225
Colombia,COL,2005,1.4280355
Colombia,COL,2006,1.4594254
Colombia,COL,2007,1.3991219
Colombia,COL,2008,1.5302994
Colombia,COL,2009,1.6367329
Colombia,COL,2010,1.7032403
Colombia,COL,2011,1.6841562
Colombia,COL,2012,1.7555273
Colombia,COL,2013,1.90903
Colombia,COL,2014,2.0203397
Colombia,COL,2015,2.0877993
Colombia,COL,2016,1.9859419
Colombia,COL,2017,1.7994725
Colombia,COL,2018,1.7691385
Colombia,COL,2019,1.893445
Colombia,COL,2020,1.7723011
Colombia,COL,2021,1.842679
Colombia,COL,2022,1.8998168
Colombia,COL,2023,2.0114
Cyprus,CYP,2000,7.494742
Cyprus,CYP,2001,7.2359786
Cyprus,CYP,2002,7.3029137
Cyprus,CYP,2003,7.56069
Cyprus,CYP,2004,7.6503687
Cyprus,CYP,2005,7.68084
Cyprus,CYP,2006,7.7637644
Cyprus,CYP,2007,7.928219
Cyprus,CYP,2008,7.989783
Cyprus,CYP,2009,7.636368
Cyprus,CYP,2010,7.184269
Cyprus,CYP,2011,6.7939243
Cyprus,CYP,2012,6.2332525
Cyprus,CYP,2013,5.561407
Cyprus,CYP,2014,5.7849126
Cyprus,CYP,2015,5.718032
Cyprus,CYP,2016,5.9616704
Cyprus,CYP,2017,5.9838886
Cyprus,CYP,2018,5.7629395
Cyprus,CYP,2019,5.70816
Cyprus,CYP,2020,5.3869967
Cyprus,CYP,2021,5.443375
Cyprus,CYP,2022,5.40629
Cyprus,CYP,2023,5.3342433
Czechia,CZE,2000,12.429346
Czechia,CZE,2001,12.42629
Czechia,CZE,2002,12.106914
Czechia,CZE,2003,12.447432
Czechia,CZE,2004,12.502356
Czechia,CZE,2005,12.226614
Czechia,CZE,2006,12.27974
Czechia,CZE,2007,12.4175625
Czechia,CZE,2008,11.845438
Czechia,CZE,2009,11.033807
Czechia,CZE,2010,11.2267275
Czechia,CZE,2011,10.975148
Czechia,CZE,2012,10.591444
Czechia,CZE,2013,10.153296
Czechia,CZE,2014,9.911981
Czechia,CZE,2015,9.976934
Czechia,CZE,2016,10.126231
Czechia,CZE,2017,10.221304
Czechia,CZE,2018,10.080272
Czechia,CZE,2019,9.569924
Czechia,CZE,2020,8.689388
Czechia,CZE,2021,9.17754
Czechia,CZE,2022,8.91092
Czechia,CZE,2023,7.92107
Ecuador,ECU,2000,1.6492264
Ecuador,ECU,2001,1.8130603
Ecuador,ECU,2002,1.8896518
Ecuador,ECU,2003,2.0244603
Ecuador,ECU,2004,2.149964
Ecuador,ECU,2005,2.2092562
Ecuador,ECU,2006,2.1077354
Ecuador,ECU,2007,2.3923388
Ecuador,ECU,2008,2.07987
Ecuador,ECU,2009,2.266208
Ecuador,ECU,2010,2.4061325
Ecuador,ECU,2011,2.4966385
Ecuador,ECU,2012,2.4022887
Ecuador,ECU,2013,2.5086834
Ecuador,ECU,2014,2.7272305
Ecuador,ECU,2015,2.53752
Ecuador,ECU,2016,2.3845396
Ecuador,ECU,2017,2.3374374
Ecuador,ECU,2018,2.2539744
Ecuador,ECU,2019,2.3103745
Ecuador,ECU,2020,1.8756075
Ecuador,ECU,2021,2.16058
Ecuador,ECU,2022,2.2734714
Ecuador,ECU,2023,2.4011562
Egypt,EGY,2000,1.9681126
Egypt,EGY,2001,1.710022
Egypt,EGY,2002,1.6940784
Egypt,EGY,2003,1.9256603
Egypt,EGY,2004,1.9197372
Egypt,EGY,2005,2.0741656
Egypt,EGY,2006,2.1667883
Egypt,EGY,2007,2.2403135
Egypt,EGY,2008,2.3027816
Egypt,EGY,2009,2.3597047
Egypt,EGY,2010,2.282698
Egypt,EGY,2011,2.3812723
Egypt,EGY,2012,2.2942393
Egypt,EGY,2013,2.2176762
Egypt,EGY,2014,2.3264904
Egypt,EGY,2015,2.253874
Egypt,EGY,2016,2.3550935
Egypt,EGY,2017,2.513841
Egypt,EGY,2018,2.358181
Egypt,EGY,2019,2.4057102
Egypt,EGY,2020,2.1530209
Egypt,EGY,2021,2.3516853
Egypt,EGY,2022,2.4078574
Egypt,EGY,2023,2.3486664
Ethiopia,ETH,2000,0.051368944
Ethiopia,ETH,2001,0.061371796
Ethiopia,ETH,2002,0.061864417
Ethiopia,ETH,2003,0.06596316
Ethiopia,ETH,2004,0.067806825
Ethiopia,ETH,2005,0.06324222
Ethiopia,ETH,2006,0.06589777
Ethiopia,ETH,2007,0.070269234
Ethiopia,ETH,2008,0.07502134
Ethiopia,ETH,2009,0.07332829
Ethiopia,ETH,2010,0.07007186
Ethiopia,ETH,2011,0.079547115
Ethiopia,ETH,2012,0.08411428
Ethiopia,ETH,2013,0.09995026
Ethiopia,ETH,2014,0.11542686
Ethiopia,ETH,2015,0.122264124
Ethiopia,ETH,2016,0.13582079
Ethiopia,ETH,2017,0.1347171
Ethiopia,ETH,2018,0.1401208
Ethiopia,ETH,2019,0.14892082
Ethiopia,ETH,2020,0.13328455
Ethiopia,ETH,2021,0.13231507
Ethiopia,ETH,2022,0.12088377
Ethiopia,ETH,2023,0.118322685
Germany,DEU,2000,10.9903
Germany,DEU,2001,11.170657
Germany,DEU,2002,10.952274
Germany,DEU,2003,10.893729
Germany,DEU,2004,10.677811
Germany,DEU,2005,10.577888
Germany,DEU,2006,10.849614
Germany,DEU,2007,10.407525
Germany,DEU,2008,10.560963
Germany,DEU,2009,9.760283
Germany,DEU,2010,10.227281
Germany,DEU,2011,9.949733
Germany,DEU,2012,10.060888
Germany,DEU,2013,10.263168
Germany,DEU,2014,9.739707
Germany,DEU,2015,9.7571745
Germany,DEU,2016,9.642498
Germany,DEU,2017,9.441113
Germany,DEU,2018,9.116714
Germany,DEU,2019,8.494904
Germany,DEU,2020,7.752807
Germany,DEU,2021,8.109933
Germany,DEU,2022,7.9855165
Germany,DEU,2023,7.051025
Greece,GRC,2000,9.549958
Greece,GRC,2001,9.716937
Greece,GRC,2002,9.641713
Greece,GRC,2003,9.989241
Greece,GRC,2004,10.0011015
Greece,GRC,2005,10.3711815
Greece,GRC,2006,10.20506
Greece,GRC,2007,10.370174
Greece,GRC,2008,10.028189
Greece,GRC,2009,9.391401
Greece,GRC,2010,8.751235
Greece,GRC,2011,8.507247
Greece,GRC,2012,8.2721405
Greece,GRC,2013,7.4505033
Greece,GRC,2014,7.218839
Greece,GRC,2015,6.92429
Greece,GRC,2016,6.6224217
Greece,GRC,2017,6.9597645
Greece,GRC,2018,6.6889873
Greece,GRC,2019,6.132962
Greece,GRC,2020,5.192684
Greece,GRC,2021,5.436849
Greece,GRC,2022,5.577904
Greece,GRC,2023,5.388754
Guatemala,GTM,2000,0.83477026
Guatemala,GTM,2001,0.85495406
Guatemala,GTM,2002,0.87546104
Guatemala,GTM,2003,0.83411527
Guatemala,GTM,2004,0.87295973
Guatemala,GTM,2005,0.92524856
Guatemala,GTM,2006,0.91091365
Guatemala,GTM,2007,0.88960725
Guatemala,GTM,2008,0.7817055
Guatemala,GTM,2009,0.80489516
Guatemala,GTM,2010,0.76535326
Guatemala,GTM,2011,0.75968486
Guatemala,GTM,2012,0.76719433
Guatemala,GTM,2013,0.83261454
Guatemala,GTM,2014,0.88173604
Guatemala,GTM,2015,0.99876
Guatemala,GTM,2016,1.0404326
Guatemala,GTM,2017,1.045464
Guatemala,GTM,2018,1.0995575
Guatemala,GTM,2019,1.128632
Guatemala,GTM,2020,0.9889047
Guatemala,GTM,2021,1.1253756
Guatemala,GTM,2022,1.070928
Guatemala,GTM,2023,1.1245548
Hong Kong,HKG,2000,6.0082116
Hong Kong,HKG,2001,5.58025
Hong Kong,HKG,2002,5.788446
Hong Kong,HKG,2003,6.2987537
Hong Kong,HKG,2004,6.034957
Hong Kong,HKG,2005,6.3300304
Hong Kong,HKG,2006,6.047403
Hong Kong,HKG,2007,6.250267
Hong Kong,HKG,2008,6.0949697
Hong Kong,HKG,2009,5.8857503
Hong Kong,HKG,2010,5.6414247
Hong Kong,HKG,2011,6.0409045
Hong Kong,HKG,2012,5.935563
Hong Kong,HKG,2013,6.099286
Hong Kong,HKG,2014,6.2151847
Hong Kong,HKG,2015,5.755893
Hong Kong,HKG,2016,5.8539495
Hong Kong,HKG,2017,5.699413
Hong Kong,HKG,2018,5.702032
Hong Kong,HKG,2019,5.597313
Hong Kong,HKG,2020,4.472128
Hong Kong,HKG,2021,4.504877
Hong Kong,HKG,2022,4.2234635
Hong Kong,HKG,2023,4.550918
India,IND,2000,0.9324355
India,IND,2001,0.9282198
India,IND,2002,0.9403603
India,IND,2003,0.95606565
India,IND,2004,0.99809515
India,IND,2005,1.0345691
India,IND,2006,1.1019763
India,IND,2007,1.1695088
India,IND,2008,1.2330486
India,IND,2009,1.3155315
India,IND,2010,1.348904
India,IND,2011,1.3992052
India,IND,2012,1.5060126
India,IND,2013,1.5396302
India,IND,2014,1.6371114
India,IND,2015,1.6823633
India,IND,2016,1.7520504
India,IND,2017,1.7847193
India,IND,2018,1.886328
India,IND,2019,1.8810879
India,IND,2020,1.7264521
India,IND,2021,1.8909733
India,IND,2022,1.9861935
India,IND,2023,2.129469
Indonesia,IDN,2000,1.3019868
Indonesia,IDN,2001,1.4469663
Indonesia,IDN,2002,1.3890227
Indonesia,IDN,2003,1.507934
Indonesia,IDN,2004,1.5049647
Indonesia,IDN,2005,1.5056726
Indonesia,IDN,2006,1.481646
Indonesia,IDN,2007,1.6361018
Indonesia,IDN,2008,1.5228248
Indonesia,IDN,2009,1.640252
Indonesia,IDN,2010,1.8099737
Indonesia,IDN,2011,2.0071535
Indonesia,IDN,2012,2.041778
Indonesia,IDN,2013,1.9114735
Indonesia,IDN,2014,1.8846375
Indonesia,IDN,2015,2.0593998
Indonesia,IDN,2016,2.0409288
Indonesia,IDN,2017,2.0832288
Indonesia,IDN,2018,2.2007682
Indonesia,IDN,2019,2.3993292
Indonesia,IDN,2020,2.213211
Indonesia,IDN,2021,2.23886
Indonesia,IDN,2022,2.6434436
Indonesia,IDN,2023,2.6075745
Iran,IRN,2000,5.528771
Iran,IRN,2001,5.780545
Iran,IRN,2002,5.8377304
Iran,IRN,2003,5.9760203
Iran,IRN,2004,6.292953
Iran,IRN,2005,6.4986024
Iran,IRN,2006,6.8265424
Iran,IRN,2007,6.806395
Iran,IRN,2008,6.9991584
Iran,IRN,2009,7.107359
Iran,IRN,2010,7.2525234
Iran,IRN,2011,7.3503466
Iran,IRN,2012,7.5484037
Iran,IRN,2013,7.5836825
Iran,IRN,2014,7.903496
Iran,IRN,2015,7.7695036
Iran,IRN,2016,7.692004
Iran,IRN,2017,8.190366
Iran,IRN,2018,8.009745
Iran,IRN,2019,8.447259
Iran,IRN,2020,8.62491
Iran,IRN,2021,8.815236
Iran,IRN,2022,8.944471
Iran,IRN,2023,9.026508
Iraq,IRQ,2000,3.4091678
Iraq,IRQ,2001,3.8230426
Iraq,IRQ,2002,3.712144
Iraq,IRQ,2003,3.7782464
Iraq,IRQ,2004,4.0903525
Iraq,IRQ,2005,4.013732
Iraq,IRQ,2006,3.444312
Iraq,IRQ,2007,2.1515615
Iraq,IRQ,2008,3.242491
Iraq,IRQ,2009,3.4870865
Iraq,IRQ,2010,3.657115
Iraq,IRQ,2011,3.822515
Iraq,IRQ,2012,3.9644012
Iraq,IRQ,2013,3.9978693
Iraq,IRQ,2014,3.7488654
Iraq,IRQ,2015,3.780211
Iraq,IRQ,2016,3.962143
Iraq,IRQ,2017,4.237806
Iraq,IRQ,2018,4.5889473
Iraq,IRQ,2019,4.6182113
Iraq,IRQ,2020,3.825463
Iraq,IRQ,2021,3.6926064
Iraq,IRQ,2022,3.8864813
Iraq,IRQ,2023,3.9148493
Ireland,IRL,2000,11.899826
Ireland,IRL,2001,12.324259
Ireland,IRL,2002,11.730362
Ireland,IRL,2003,11.441362
Ireland,IRL,2004,11.354304
Ireland,IRL,2005,11.58845
Ireland,IRL,2006,11.150147
Ireland,IRL,2007,10.847193
Ireland,IRL,2008,10.557134
Ireland,IRL,2009,9.306159
Ireland,IRL,2010,9.166745
Ireland,IRL,2011,8.309568
Ireland,IRL,2012,8.309446
Ireland,IRL,2013,8.060954
Ireland,IRL,2014,7.910841
Ireland,IRL,2015,8.233164
Ireland,IRL,2016,8.4921
Ireland,IRL,2017,8.123473
Ireland,IRL,2018,8.006022
Ireland,IRL,2019,7.5653806
Ireland,IRL,2020,7.0494823
Ireland,IRL,2021,7.4664645
Ireland,IRL,2022,7.1842723
Ireland,IRL,2023,6.6260405
Japan,JPN,2000,9.950527
Japan,JPN,2001,9.817637
Japan,JPN,2002,10.032547
Japan,JPN,2003,10.084459
Japan,JPN,2004,10.037065
Japan,JPN,2005,10.087274
Japan,JPN,2006,9.900961
Japan,JPN,2007,10.172693
Japan,JPN,2008,9.614815
Japan,JPN,2009,9.075361
Japan,JPN,2010,9.476896
Japan,JPN,2011,9.873789
Japan,JPN,2012,10.20883
Japan,JPN,2013,10.298001
Japan,JPN,2014,9.913247
Japan,JPN,2015,9.610619
Japan,JPN,2016,9.461977
Japan,JPN,2017,9.345515
Japan,JPN,2018,9.002051
Japan,JPN,2019,8.725205
Japan,JPN,2020,8.237897
Japan,JPN,2021,8.449326
Japan,JPN,2022,8.261658
Japan,JPN,2023,7.95029
Jordan,JOR,2000,2.821703
Jordan,JOR,2001,2.8386834
Jordan,JOR,2002,2.9238546
Jordan,JOR,2003,2.957647
Jordan,JOR,2004,3.1742003
Jordan,JOR,2005,3.3894367
Jordan,JOR,2006,3.1936147
Jordan,JOR,2007,3.139871
Jordan,JOR,2008,2.9640238
Jordan,JOR,2009,2.9876187
Jordan,JOR,2010,2.8251805
Jordan,JOR,2011,2.8399298
Jordan,JOR,2012,3.1388326
Jordan,JOR,2013,2.9803483
Jordan,JOR,2014,2.9458408
Jordan,JOR,2015,2.676875
Jordan,JOR,2016,2.4682727
Jordan,JOR,2017,2.522286
Jordan,JOR,2018,2.4031124
Jordan,JOR,2019,2.3188925
Jordan,JOR,2020,1.9291415
Jordan,JOR,2021,1.8649886
Jordan,JOR,2022,1.799406
Jordan,JOR,2023,1.8523093
Kazakhstan,KAZ,2000,9.249703
Kazakhstan,KAZ,2001,8.90941
Kazakhstan,KAZ,2002,10.061223
Kazakhstan,KAZ,2003,11.167269
Kazakhstan,KAZ,2004,11.757366
Kazakhstan,KAZ,2005,12.527624
Kazakhstan,KAZ,2006,13.69717
Kazakhstan,KAZ,2007,13.947366
Kazakhstan,KAZ,2008,13.808861
Kazakhstan,KAZ,2009,13.510977
Kazakhstan,KAZ,2010,14.777387
Kazakhstan,KAZ,2011,14.003776
Kazakhstan,KAZ,2012,14.234627
Kazakhstan,KAZ,2013,14.533967
Kazakhstan,KAZ,2014,15.395486
Kazakhstan,KAZ,2015,15.409165
Kazakhstan,KAZ,2016,15.122116
Kazakhstan,KAZ,2017,15.734422
Kazakhstan,KAZ,2018,16.22455
Kazakhstan,KAZ,2019,14.330919
Kazakhstan,KAZ,2020,13.113933
Kazakhstan,KAZ,2021,12.92284
Kazakhstan,KAZ,2022,12.69876
Kazakhstan,KAZ,2023,12.550943
Kenya,KEN,2000,0.33968258
Kenya,KEN,2001,0.29342595
Kenya,KEN,2002,0.24182516
Kenya,KEN,2003,0.19901958
Kenya,KEN,2004,0.21864069
Kenya,KEN,2005,0.2389887
Kenya,KEN,2006,0.25920096
Kenya,KEN,2007,0.2582699
Kenya,KEN,2008,0.2609983
Kenya,KEN,2009,0.30544478
Kenya,KEN,2010,0.29239404
Kenya,KEN,2011,0.31450152
Kenya,KEN,2012,0.28494468
Kenya,KEN,2013,0.29915425
Kenya,KEN,2014,0.3155505
Kenya,KEN,2015,0.36099055
Kenya,KEN,2016,0.37670648
Kenya,KEN,2017,0.35996416
Kenya,KEN,2018,0.37520593
Kenya,KEN,2019,0.38661912
Kenya,KEN,2020,0.4209686
Kenya,KEN,2021,0.41928962
Kenya,KEN,2022,0.39440462
Kenya,KEN,2023,0.38907567
Kyrgyzstan,KGZ,2000,0.91048133
Kyrgyzstan,KGZ,2001,0.7604119
Kyrgyzstan,KGZ,2002,0.9611124
Kyrgyzstan,KGZ,2003,1.0418925
Kyrgyzstan,KGZ,2004,1.1163111
Kyrgyzstan,KGZ,2005,1.0519956
Kyrgyzstan,KGZ,2006,1.0337402
Kyrgyzstan,KGZ,2007,1.2275326
Kyrgyzstan,KGZ,2008,1.4002646
Kyrgyzstan,KGZ,2009,1.2429305
Kyrgyzstan,KGZ,2010,1.1573167
Kyrgyzstan,KGZ,2011,1.3620855
Kyrgyzstan,KGZ,2012,1.7706912
Kyrgyzstan,KGZ,2013,1.6790403
Kyrgyzstan,KGZ,2014,1.7354872
Kyrgyzstan,KGZ,2015,1.7102784
Kyrgyzstan,KGZ,2016,1.5751518
Kyrgyzstan,KGZ,2017,1.5049132
Kyrgyzstan,KGZ,2018,1.7616013
Kyrgyzstan,KGZ,2019,1.3925191
Kyrgyzstan,KGZ,2020,1.2527564
Kyrgyzstan,KGZ,2021,1.5140777
Kyrgyzstan,KGZ,2022,1.442273
Kyrgyzstan,KGZ,2023,1.4352694
Lebanon,LBN,2000,3.5724654
Lebanon,LBN,2001,3.7271936
Lebanon,LBN,2002,3.6392775
Lebanon,LBN,2003,4.0943937
Lebanon,LBN,2004,3.7415802
Lebanon,LBN,2005,3.5645452
Lebanon,LBN,2006,3.1134667
Lebanon,LBN,2007,2.837716
Lebanon,LBN,2008,3.5363784
Lebanon,LBN,2009,4.1980224
Lebanon,LBN,2010,3.9666011
Lebanon,LBN,2011,3.976507
Lebanon,LBN,2012,4.2653465
Lebanon,LBN,2013,3.858941
Lebanon,LBN,2014,3.7800877
Lebanon,LBN,2015,3.9760313
Lebanon,LBN,2016,4.1817923
Lebanon,LBN,2017,4.5168343
Lebanon,LBN,2018,4.371076
Lebanon,LBN,2019,4.4285336
Lebanon,LBN,2020,4.1763225
Lebanon,LBN,2021,3.373741
Lebanon,LBN,2022,3.2940342
Lebanon,LBN,2023,3.3732815
Libya,LBY,2000,10.0356045
Libya,LBY,2001,9.829333
Libya,LBY,2002,9.535499
Libya,LBY,2003,9.872539
Libya,LBY,2004,9.910034
Libya,LBY,2005,9.555894
Libya,LBY,2006,8.992503
Libya,LBY,2007,7.2721925
Libya,LBY,2008,7.9705105
Libya,LBY,2009,8.108939
Libya,LBY,2010,9.102793
Libya,LBY,2011,8.440933
Libya,LBY,2012,9.969848
Libya,LBY,2013,8.143893
Libya,LBY,2014,10.634219
Libya,LBY,2015,9.590622
Libya,LBY,2016,9.072769
Libya,LBY,2017,10.325419
Libya,LBY,2018,9.537564
Libya,LBY,2019,10.969283
Libya,LBY,2020,4.859569
Libya,LBY,2021,7.924283
Libya,LBY,2022,7.966225
Libya,LBY,2023,8.346452
Malaysia,MYS,2000,5.3500233
Malaysia,MYS,2001,5.563517
Malaysia,MYS,2002,5.478087
Malaysia,MYS,2003,6.2150364
Malaysia,MYS,2004,6.7181454
Malaysia,MYS,2005,6.5786943
Malaysia,MYS,2006,6.4413414
Malaysia,MYS,2007,6.4985785
Malaysia,MYS,2008,6.994816
Malaysia,MYS,2009,6.830967
Malaysia,MYS,2010,6.9565897
Malaysia,MYS,2011,6.976631
Malaysia,MYS,2012,7.180377
Malaysia,MYS,2013,8.009191
Malaysia,MYS,2014,7.9830947
Malaysia,MYS,2015,7.5541906
Malaysia,MYS,2016,7.464497
Malaysia,MYS,2017,7.5553236
Malaysia,MYS,2018,7.980434
Malaysia,MYS,2019,8.368345
Malaysia,MYS,2020,7.7663965
Malaysia,MYS,2021,7.967726
Malaysia,MYS,2022,8.227246
Malaysia,MYS,2023,8.2224455
Maldives,MDV,2000,1.598309
Maldives,MDV,2001,1.6100327
Maldives,MDV,2002,2.0356393
Maldives,MDV,2003,1.7056116
Maldives,MDV,2004,2.2127585
Maldives,MDV,2005,1.9612513
Maldives,MDV,2006,2.3701003
Maldives,MDV,2007,2.4054444
Maldives,MDV,2008,2.5071328
Maldives,MDV,2009,2.535735
Maldives,MDV,2010,2.5899591
Maldives,MDV,2011,2.63789
Maldives,MDV,2012,2.8703895
Maldives,MDV,2013,2.7295027
Maldives,MDV,2014,3.1805093
Maldives,MDV,2015,2.9868495
Maldives,MDV,2016,3.240203
Maldives,MDV,2017,3.3021832
Maldives,MDV,2018,3.678995
Maldives,MDV,2019,4.087055
Maldives,MDV,2020,3.3423467
Maldives,MDV,2021,3.8193066
Maldives,MDV,2022,3.851452
Maldives,MDV,2023,3.9210675
Mexico,MEX,2000,3.968942
Mexico,MEX,2001,4.070814
Mexico,MEX,2002,4.0404415
Mexico,MEX,2003,4.2335906
Mexico,MEX,2004,4.2012773
Mexico,MEX,2005,4.379789
Mexico,MEX,2006,4.4242706
Mexico,MEX,2007,4.3539257
Mexico,MEX,2008,4.2852507
Mexico,MEX,2009,4.109776
Mexico,MEX,2010,4.016841
Mexico,MEX,2011,4.193744
Mexico,MEX,2012,4.2928996
Mexico,MEX,2013,4.1862464
Mexico,MEX,2014,4.040971
Mexico,MEX,2015,3.959897
Mexico,MEX,2016,3.9167497
Mexico,MEX,2017,3.7634234
Mexico,MEX,2018,3.7601306
Mexico,MEX,2019,3.7231612
Mexico,MEX,2020,3.3828366
Mexico,MEX,2021,3.500515
Mexico,MEX,2022,3.6181056
Mexico,MEX,2023,3.7199361
Mongolia,MNG,2000,3.0270607
Mongolia,MNG,2001,3.149724
Mongolia,MNG,2002,3.278589
Mongolia,MNG,2003,3.1450183
Mongolia,MNG,2004,3.3432648
Mongolia,MNG,2005,3.3217783
Mongolia,MNG,2006,3.590794
Mongolia,MNG,2007,4.585178
Mongolia,MNG,2008,4.5239434
Mongolia,MNG,2009,4.887429
Mongolia,MNG,2010,5.0976677
Mongolia,MNG,2011,7.783921
Mongolia,MNG,2012,12.5204735
Mongolia,MNG,2013,15.245662
Mongolia,MNG,2014,10.170369
Mongolia,MNG,2015,7.8220935
Mongolia,MNG,2016,8.428495
Mongolia,MNG,2017,10.9961
Mongolia,MNG,2018,14.305717
Mongolia,MNG,2019,14.617127
Mongolia,MNG,2020,11.265909
Mongolia,MNG,2021,12.532064
Mongolia,MNG,2022,12.821953
Mongolia,MNG,2023,13.657199
Morocco,MAR,2000,1.1680186
Morocco,MAR,2001,1.2773283
Morocco,MAR,2002,1.2776961
Morocco,MAR,2003,1.2366731
Morocco,MAR,2004,1.4097285
Morocco,MAR,2005,1.4711325
Morocco,MAR,2006,1.5030133
Morocco,MAR,2007,1.5683981
Morocco,MAR,2008,1.6252584
Morocco,MAR,2009,1.5878415
Morocco,MAR,2010,1.6744775
Morocco,MAR,2011,1.6670738
Morocco,MAR,2012,1.707486
Morocco,MAR,2013,1.6753646
Morocco,MAR,2014,1.6715494
Morocco,MAR,2015,1.690244
Morocco,MAR,2016,1.6690971
Morocco,MAR,2017,1.7238381
Morocco,MAR,2018,1.7384603
Morocco,MAR,2019,1.898318
Morocco,MAR,2020,1.7648122
Morocco,MAR,2021,1.9008626
Morocco,MAR,2022,1.8619709
Morocco,MAR,2023,1.82082
Myanmar,MMR,2000,0.22563893
Myanmar,MMR,2001,0.19347812
Myanmar,MMR,2002,0.20176381
Myanmar,MMR,2003,0.21422179
Myanmar,MMR,2004,0.26696044
Myanmar,MMR,2005,0.24357975
Myanmar,MMR,2006,0.2681476
Myanmar,MMR,2007,0.26682886
Myanmar,MMR,2008,0.20194063
Myanmar,MMR,2009,0.20976608
Myanmar,MMR,2010,0.26765463
Myanmar,MMR,2011,0.30599007
Myanmar,MMR,2012,0.23714164
Myanmar,MMR,2013,0.2531136
Myanmar,MMR,2014,0.31272396
Myanmar,MMR,2015,0.42841202
Myanmar,MMR,2016,0.41052818
Myanmar,MMR,2017,0.4553452
Myanmar,MMR,2018,0.65076345
Myanmar,MMR,2019,0.63867646
Myanmar,MMR,2020,0.6523924
Myanmar,MMR,2021,0.55444026
Myanmar,MMR,2022,0.5493762
Myanmar,MMR,2023,0.5584913
Netherlands,NLD,2000,10.706721
Netherlands,NLD,2001,10.952884
Netherlands,NLD,2002,10.837755
Netherlands,NLD,2003,10.995654
Netherlands,NLD,2004,11.073761
Netherlands,NLD,2005,10.80621
Netherlands,NLD,2006,10.493947
Netherlands,NLD,2007,10.454888
Netherlands,NLD,2008,10.586433
Netherlands,NLD,2009,10.203367
Netherlands,NLD,2010,10.869165
Netherlands,NLD,2011,10.038659
Netherlands,NLD,2012,9.788568
Netherlands,NLD,2013,9.7104645
Netherlands,NLD,2014,9.239101
Netherlands,NLD,2015,9.571497
Netherlands,NLD,2016,9.567643
Netherlands,NLD,2017,9.360355
Netherlands,NLD,2018,9.071813
Netherlands,NLD,2019,8.691241
Netherlands,NLD,2020,7.7491956
Netherlands,NLD,2021,7.8781476
Netherlands,NLD,2022,7.106702
Netherlands,NLD,2023,6.558991
New Zealand,NZL,2000,8.357968
New Zealand,NZL,2001,8.833832
New Zealand,NZL,2002,8.742418
New Zealand,NZL,2003,9.01004
New Zealand,NZL,2004,8.775212
New Zealand,NZL,2005,9.050942
New Zealand,NZL,2006,8.926524
New Zealand,NZL,2007,8.621058
New Zealand,NZL,2008,8.800641
New Zealand,NZL,2009,8.042621
New Zealand,NZL,2010,8.005984
New Zealand,NZL,2011,7.8176785
New Zealand,NZL,2012,8.146944
New Zealand,NZL,2013,7.9118466
New Zealand,NZL,2014,7.8345513
New Zealand,NZL,2015,7.7594914
New Zealand,NZL,2016,7.2423096
New Zealand,NZL,2017,7.414659
New Zealand,NZL,2018,7.285045
New Zealand,NZL,2019,7.3620214
New Zealand,NZL,2020,6.710805
New Zealand,NZL,2021,6.7198505
New Zealand,NZL,2022,6.1597934
New Zealand,NZL,2023,5.8226275
Nicaragua,NIC,2000,0.74091715
Nicaragua,NIC,2001,0.770818
Nicaragua,NIC,2002,0.7747392
Nicaragua,NIC,2003,0.8319526
Nicaragua,NIC,2004,0.8302599
Nicaragua,NIC,2005,0.7993386
Nicaragua,NIC,2006,0.8153238
Nicaragua,NIC,2007,0.8278174
Nicaragua,NIC,2008,0.78283095
Nicaragua,NIC,2009,0.78582966
Nicaragua,NIC,2010,0.7787225
Nicaragua,NIC,2011,0.8258963
Nicaragua,NIC,2012,0.77098346
Nicaragua,NIC,2013,0.7696459
Nicaragua,NIC,2014,0.78219247
Nicaragua,NIC,2015,0.8831737
Nicaragua,NIC,2016,0.86739695
Nicaragua,NIC,2017,0.86465245
Nicaragua,NIC,2018,0.81237465
Nicaragua,NIC,2019,0.8055015
Nicaragua,NIC,2020,0.70987344
Nicaragua,NIC,2021,0.77428675
Nicaragua,NIC,2022,0.78687125
Nicaragua,NIC,2023,0.8189818
Nigeria,NGA,2000,0.77257365
Nigeria,NGA,2001,0.77739376
Nigeria,NGA,2002,0.6778893
Nigeria,NGA,2003,0.73441654
Nigeria,NGA,2004,0.6774095
Nigeria,NGA,2005,0.7055755
Nigeria,NGA,2006,0.6103348
Nigeria,NGA,2007,0.54405713
Nigeria,NGA,2008,0.57359314
Nigeria,NGA,2009,0.49581113
Nigeria,NGA,2010,0.68729526
Nigeria,NGA,2011,0.75385803
Nigeria,NGA,2012,0.6473927
Nigeria,NGA,2013,0.67742234
Nigeria,NGA,2014,0.69541794
Nigeria,NGA,2015,0.60748714
Nigeria,NGA,2016,0.6337025
Nigeria,NGA,2017,0.5928479
Nigeria,NGA,2018,0.54949355
Nigeria,NGA,2019,0.6388198
Nigeria,NGA,2020,0.60513747
Nigeria,NGA,2021,0.61808836
Nigeria,NGA,2022,0.5895932
Nigeria,NGA,2023,0.5640604
Pakistan,PAK,2000,0.6711011
Pakistan,PAK,2001,0.66177
Pakistan,PAK,2002,0.69169515
Pakistan,PAK,2003,0.7028995
Pakistan,PAK,2004,0.7577723
Pakistan,PAK,2005,0.76171106
Pakistan,PAK,2006,0.8017062
Pakistan,PAK,2007,0.8546526
Pakistan,PAK,2008,0.81873286
Pakistan,PAK,2009,0.80010426
Pakistan,PAK,2010,0.7739538
Pakistan,PAK,2011,0.759775
Pakistan,PAK,2012,0.74527144
Pakistan,PAK,2013,0.7194037
Pakistan,PAK,2014,0.73136306
Pakistan,PAK,2015,0.6930332
Pakistan,PAK,2016,0.80872667
Pakistan,PAK,2017,0.97799486
Pakistan,PAK,2018,0.9269328
Pakistan,PAK,2019,0.8995737
Pakistan,PAK,2020,0.98192537
Pakistan,PAK,2021,1.0351748
Pakistan,PAK,2022,0.9184809
Pakistan,PAK,2023,0.8107599
Peru,PER,2000,1.0781721
Peru,PER,2001,0.9425646
Peru,PER,2002,0.9322508
Peru,PER,2003,0.89467776
Peru,PER,2004,1.0173057
Peru,PER,2005,1.079
Peru,PER,2006,0.9955102
Peru,PER,2007,1.2024245
Peru,PER,2008,1.2291042
Peru,PER,2009,1.367324
Peru,PER,2010,1.461361
Peru,PER,2011,1.4391557
Peru,PER,2012,1.5400403
Peru,PER,2013,1.4428895
Peru,PER,2014,1.6399497
Peru,PER,2015,1.6162785
Peru,PER,2016,1.7084166
Peru,PER,2017,1.7513058
Peru,PER,2018,1.7508639
Peru,PER,2019,1.7986559
Peru,PER,2020,1.4289497
Peru,PER,2021,1.568856
Peru,PER,2022,1.6368144
Peru,PER,2023,1.6505452
Philippines,PHL,2000,0.9030095
Philippines,PHL,2001,0.86169255
Philippines,PHL,2002,0.8435083
Philippines,PHL,2003,0.82740444
Philippines,PHL,2004,0.84105927
Philippines,PHL,2005,0.8312165
Philippines,PHL,2006,0.74047565
Philippines,PHL,2007,0.77347296
Philippines,PHL,2008,0.83042014
Philippines,PHL,2009,0.80426943
Philippines,PHL,2010,0.85738873
Philippines,PHL,2011,0.8489691
Philippines,PHL,2012,0.8796461
Philippines,PHL,2013,0.935763
Philippines,PHL,2014,0.97125316
Philippines,PHL,2015,1.0620909
Philippines,PHL,2016,1.1335168
Philippines,PHL,2017,1.2434982
Philippines,PHL,2018,1.2861164
Philippines,PHL,2019,1.2953051
Philippines,PHL,2020,1.1797879
Philippines,PHL,2021,1.248213
Philippines,PHL,2022,1.2714316
Philippines,PHL,2023,1.3454357
Romania,ROU,2000,4.2339816
Romania,ROU,2001,4.516057
Romania,ROU,2002,4.5612593
Romania,ROU,2003,4.8087034
Romania,ROU,2004,4.8269043
Romania,ROU,2005,4.7783093
Romania,ROU,2006,4.959297
Romania,ROU,2007,5.1934915
Romania,ROU,2008,5.1609073
Romania,ROU,2009,4.2633257
Romania,ROU,2010,4.125176
Romania,ROU,2011,4.5479193
Romania,ROU,2012,4.4468966
Romania,ROU,2013,3.917578
Romania,ROU,2014,3.960944
Romania,ROU,2015,3.9156525
Romania,ROU,2016,3.8586328
Romania,ROU,2017,4.0203547
Romania,ROU,2018,4.0636744
Romania,ROU,2019,3.9205754
Romania,ROU,2020,3.8009787
Romania,ROU,2021,4.0144405
Romania,ROU,2022,3.8083065
Romania,ROU,2023,3.569303
Russia,RUS,2000,10.081552
Russia,RUS,2001,10.372815
Russia,RUS,2002,10.324747
Russia,RUS,2003,10.542385
Russia,RUS,2004,10.634773
Russia,RUS,2005,10.806364
Russia,RUS,2006,11.262799
Russia,RUS,2007,11.287254
Russia,RUS,2008,11.487685
Russia,RUS,2009,10.739168
Russia,RUS,2010,11.343939
Russia,RUS,2011,11.704153
Russia,RUS,2012,11.79054
Russia,RUS,2013,11.344339
Russia,RUS,2014,11.31587
Russia,RUS,2015,11.277288
Russia,RUS,2016,11.214848
Russia,RUS,2017,11.397211
Russia,RUS,2018,11.694962
Russia,RUS,2019,11.635815
Russia,RUS,2020,11.15608
Russia,RUS,2021,11.739159
Russia,RUS,2022,12.379392
Russia,RUS,2023,12.485692
Serbia,SRB,2000,5.841812
Serbia,SRB,2001,6.443893
Serbia,SRB,2002,6.857292
Serbia,SRB,2003,7.354015
Serbia,SRB,2004,7.9524727
Serbia,SRB,2005,6.8488474
Serbia,SRB,2006,8.09953
Serbia,SRB,2007,7.9586916
Serbia,SRB,2008,6.946146
Serbia,SRB,2009,6.1809096
Serbia,SRB,2010,6.1786823
Serbia,SRB,2011,6.6474357
Serbia,SRB,2012,5.972246
Serbia,SRB,2013,6.1253824
Serbia,SRB,2014,5.1483583
Serbia,SRB,2015,6.09949
Serbia,SRB,2016,6.3209686
Serbia,SRB,2017,6.436677
Serbia,SRB,2018,6.313477
Serbia,SRB,2019,6.3562794
Serbia,SRB,2020,6.538972
Serbia,SRB,2021,6.39086
Serbia,SRB,2022,6.4078465
Serbia,SRB,2023,6.253774
Singapore,SGP,2000,9.260702
Singapore,SGP,2001,9.35959
Singapore,SGP,2002,9.696137
Singapore,SGP,2003,9.553454
Singapore,SGP,2004,9.825734
Singapore,SGP,2005,9.277653
Singapore,SGP,2006,9.212602
Singapore,SGP,2007,8.941658
Singapore,SGP,2008,8.363356
Singapore,SGP,2009,8.211698
Singapore,SGP,2010,8.745369
Singapore,SGP,2011,9.069531
Singapore,SGP,2012,8.709126
Singapore,SGP,2013,8.72707
Singapore,SGP,2014,8.721374
Singapore,SGP,2015,8.940693
Singapore,SGP,2016,8.8026085
Singapore,SGP,2017,8.939978
Singapore,SGP,2018,8.927446
Singapore,SGP,2019,8.642737
Singapore,SGP,2020,8.309455
Singapore,SGP,2021,9.033147
Singapore,SGP,2022,8.4733
Singapore,SGP,2023,8.507941
Slovakia,SVK,2000,7.6565366
Slovakia,SVK,2001,8.0453825
Slovakia,SVK,2002,7.827843
Slovakia,SVK,2003,7.891308
Slovakia,SVK,2004,7.9836698
Slovakia,SVK,2005,7.9837704
Slovakia,SVK,2006,7.9510803
Slovakia,SVK,2007,7.6537957
Slovakia,SVK,2008,7.7245646
Slovakia,SVK,2009,7.019376
Slovakia,SVK,2010,7.1334305
Slovakia,SVK,2011,7.048082
Slovakia,SVK,2012,6.653921
Slovakia,SVK,2013,6.5842557
Slovakia,SVK,2014,6.224752
Slovakia,SVK,2015,6.3702555
Slovakia,SVK,2016,6.442124
Slovakia,SVK,2017,6.6536226
Slovakia,SVK,2018,6.643141
Slovakia,SVK,2019,6.206926
Slovakia,SVK,2020,5.711151
Slovakia,SVK,2021,6.470303
Slovakia,SVK,2022,5.7645545
Slovakia,SVK,2023,5.5706987
South Korea,KOR,2000,9.40801
South Korea,KOR,2001,9.685324
South Korea,KOR,2002,10.064994
South Korea,KOR,2003,10.211972
South Korea,KOR,2004,10.302309
South Korea,KOR,2005,10.42156
South Korea,KOR,2006,10.487716
South Korea,KOR,2007,10.828759
South Korea,KOR,2008,11.015094
South Korea,KOR,2009,11.078416
South Korea,KOR,2010,12.186755
South Korea,KOR,2011,12.690278
South Korea,KOR,2012,12.660258
South Korea,KOR,2013,12.673587
South Korea,KOR,2014,12.453083
South Korea,KOR,2015,12.4387865
South Korea,KOR,2016,12.435507
South Korea,KOR,2017,12.712863
South Korea,KOR,2018,12.977493
South Korea,KOR,2019,12.480777
South Korea,KOR,2020,11.524341
South Korea,KOR,2021,11.882247
South Korea,KOR,2022,11.62734
South Korea,KOR,2023,11.158091
Tajikistan,TJK,2000,0.35544544
Tajikistan,TJK,2001,0.35702965
Tajikistan,TJK,2002,0.2874087
Tajikistan,TJK,2003,0.31100854
Tajikistan,TJK,2004,0.37706962
Tajikistan,TJK,2005,0.35228902
Tajikistan,TJK,2006,0.37621823
Tajikistan,TJK,2007,0.44855547
Tajikistan,TJK,2008,0.39464197
Tajikistan,TJK,2009,0.32629073
Tajikistan,TJK,2010,0.3314667
Tajikistan,TJK,2011,0.29914564
Tajikistan,TJK,2012,0.36603424
Tajikistan,TJK,2013,0.35377926
Tajikistan,TJK,2014,0.5459748
Tajikistan,TJK,2015,0.61342055
Tajikistan,TJK,2016,0.6420905
Tajikistan,TJK,2017,0.754802
Tajikistan,TJK,2018,0.8660396
Tajikistan,TJK,2019,0.91206217
Tajikistan,TJK,2020,0.96463424
Tajikistan,TJK,2021,0.92584985
Tajikistan,TJK,2022,0.88055193
Tajikistan,TJK,2023,0.8714852
Thailand,THA,2000,2.656056
Thailand,THA,2001,2.706424
Thailand,THA,2002,2.8734381
Thailand,THA,2003,2.9457886
Thailand,THA,2004,3.1676755
Thailand,THA,2005,3.2464967
Thailand,THA,2006,3.2421854
Thailand,THA,2007,3.3394146
Thailand,THA,2008,3.3163188
Thailand,THA,2009,3.3592596
Thailand,THA,2010,3.514452
Thailand,THA,2011,3.5485907
Thailand,THA,2012,3.778263
Thailand,THA,2013,3.7762656
Thailand,THA,2014,3.8806882
Thailand,THA,2015,3.9282084
Thailand,THA,2016,4.008556
Thailand,THA,2017,3.9818301
Thailand,THA,2018,4.0392394
Thailand,THA,2019,3.9411173
Thailand,THA,2020,3.7956147
Thailand,THA,2021,3.7244093
Thailand,THA,2022,3.799712
Thailand,THA,2023,3.6873055
Tunisia,TUN,2000,2.0022259
Tunisia,TUN,2001,2.0699482
Tunisia,TUN,2002,2.0739326
Tunisia,TUN,2003,2.0992043
Tunisia,TUN,2004,2.173355
Tunisia,TUN,2005,2.1984317
Tunisia,TUN,2006,2.220099
Tunisia,TUN,2007,2.3550868
Tunisia,TUN,2008,2.4223328
Tunisia,TUN,2009,2.3871565
Tunisia,TUN,2010,2.6135979
Tunisia,TUN,2011,2.4284801
Tunisia,TUN,2012,2.5849197
Tunisia,TUN,2013,2.543059
Tunisia,TUN,2014,2.6336272
Tunisia,TUN,2015,2.7554328
Tunisia,TUN,2016,2.6538243
Tunisia,TUN,2017,2.6841588
Tunisia,TUN,2018,2.6462247
Tunisia,TUN,2019,2.556072
Tunisia,TUN,2020,2.3793378
Tunisia,TUN,2021,2.586767
Tunisia,TUN,2022,2.6360955
Tunisia,TUN,2023,2.6878552
Turkey,TUR,2000,3.5144587
Turkey,TUR,2001,3.224107
Turkey,TUR,2002,3.299475
Turkey,TUR,2003,3.4904873
Turkey,TUR,2004,3.5684419
Turkey,TUR,2005,3.8204603
Turkey,TUR,2006,4.0312243
Turkey,TUR,2007,4.433794
Turkey,TUR,2008,4.340584
Turkey,TUR,2009,4.366428
Turkey,TUR,2010,4.3109365
Turkey,TUR,2011,4.6089954
Turkey,TUR,2012,4.7356477
Turkey,TUR,2013,4.5460496
Turkey,TUR,2014,4.6648703
Turkey,TUR,2015,4.8107686
Turkey,TUR,2016,4.9717093
Turkey,TUR,2017,5.186352
Turkey,TUR,2018,4.9997516
Turkey,TUR,2019,4.7177076
Turkey,TUR,2020,4.7963643
Turkey,TUR,2021,5.2223163
Turkey,TUR,2022,5.023125
Turkey,TUR,2023,4.9510155
Ukraine,UKR,2000,5.7646046
Ukraine,UKR,2001,6.1883736
Ukraine,UKR,2002,6.0788355
Ukraine,UKR,2003,6.359202
Ukraine,UKR,2004,6.4741426
Ukraine,UKR,2005,6.5887823
Ukraine,UKR,2006,7.044654
Ukraine,UKR,2007,7.1568184
Ukraine,UKR,2008,6.962613
Ukraine,UKR,2009,5.9539123
Ukraine,UKR,2010,6.336449
Ukraine,UKR,2011,6.659274
Ukraine,UKR,2012,6.58784
Ukraine,UKR,2013,6.4491696
Ukraine,UKR,2014,5.604219
Ukraine,UKR,2015,4.887808
Ukraine,UKR,2016,5.128837
Ukraine,UKR,2017,4.9097815
Ukraine,UKR,2018,5.124302
Ukraine,UKR,2019,4.9367437
Ukraine,UKR,2020,4.6290064
Ukraine,UKR,2021,4.744018
Ukraine,UKR,2022,3.4380214
Ukraine,UKR,2023,3.6164997
United Kingdom,GBR,2000,9.635284
United Kingdom,GBR,2001,9.748516
United Kingdom,GBR,2002,9.409919
United Kingdom,GBR,2003,9.5555935
United Kingdom,GBR,2004,9.530174
United Kingdom,GBR,2005,9.412137
United Kingdom,GBR,2006,9.301161
United Kingdom,GBR,2007,9.093347
United Kingdom,GBR,2008,8.785372
United Kingdom,GBR,2009,7.904943
United Kingdom,GBR,2010,8.12464
United Kingdom,GBR,2011,7.395984
United Kingdom,GBR,2012,7.6215353
United Kingdom,GBR,2013,7.417552
United Kingdom,GBR,2014,6.764838
United Kingdom,GBR,2015,6.461417
United Kingdom,GBR,2016,6.0617714
United Kingdom,GBR,2017,5.8378496
United Kingdom,GBR,2018,5.6886287
United Kingdom,GBR,2019,5.4350815
United Kingdom,GBR,2020,4.844164
United Kingdom,GBR,2021,5.0911255
United Kingdom,GBR,2022,4.603082
United Kingdom,GBR,2023,4.4428277
United States,USA,2000,21.3516
United States,USA,2001,20.781443
United States,USA,2002,20.712759
United States,USA,2003,20.731213
United States,USA,2004,20.877537
United States,USA,2005,20.736687
United States,USA,2006,20.261381
United States,USA,2007,20.308899
United States,USA,2008,19.395721
United States,USA,2009,17.793211
United States,USA,2010,18.259068
United States,USA,2011,17.656883
United States,USA,2012,16.852186
United States,USA,2013,17.119566
United States,USA,2014,17.11055
United States,USA,2015,16.485855
United States,USA,2016,15.95766
United States,USA,2017,15.689614
United States,USA,2018,16.05042
United States,USA,2019,15.578155
United States,USA,2020,13.889589
United States,USA,2021,14.793604
United States,USA,2022,14.870763
United States,USA,2023,14.299027
Uruguay,URY,2000,1.612906
Uruguay,URY,2001,1.5363879
Uruguay,URY,2002,1.3900576
Uruguay,URY,2003,1.3796713
Uruguay,URY,2004,1.694986
Uruguay,URY,2005,1.7428925
Uruguay,URY,2006,2.0055277
Uruguay,URY,2007,1.8049499
Uruguay,URY,2008,2.4837434
Uruguay,URY,2009,2.4008095
Uruguay,URY,2010,1.8978127
Uruguay,URY,2011,2.3003109
Uruguay,URY,2012,2.5759757
Uruguay,URY,2013,2.2385888
Uruguay,URY,2014,1.9904869
Uruguay,URY,2015,2.0007167
Uruguay,URY,2016,1.928711
Uruguay,URY,2017,1.8176447
Uruguay,URY,2018,1.9346937
Uruguay,URY,2019,1.8866792
Uruguay,URY,2020,1.904633
Uruguay,URY,2021,2.3061328
Uruguay,URY,2022,2.3061523
Uruguay,URY,2023,2.3216877
Uzbekistan,UZB,2000,4.981535
Uzbekistan,UZB,2001,5.0306907
Uzbekistan,UZB,2002,5.219509
Uzbekistan,UZB,2003,5.0676107
Uzbekistan,UZB,2004,4.9597
Uzbekistan,UZB,2005,4.6135817
Uzbekistan,UZB,2006,4.6781006
Uzbekistan,UZB,2007,4.573087
Uzbekistan,UZB,2008,4.6695604
Uzbekistan,UZB,2009,3.9094558
Uzbekistan,UZB,2010,3.7929955
Uzbekistan,UZB,2011,4.0507755
Uzbekistan,UZB,2012,4.0618796
Uzbekistan,UZB,2013,3.777604
Uzbekistan,UZB,2014,3.5535774
Uzbekistan,UZB,2015,3.372301
Uzbekistan,UZB,2016,3.5205607
Uzbekistan,UZB,2017,3.4234405
Uzbekistan,UZB,2018,3.15963
Uzbekistan,UZB,2019,3.2892537
Uzbekistan,UZB,2020,3.2641847
Uzbekistan,UZB,2021,3.5113323
Uzbekistan,UZB,2022,3.578784
Uzbekistan,UZB,2023,3.4995937
Venezuela,VEN,2000,5.823658
Venezuela,VEN,2001,5.2255616
Venezuela,VEN,2002,6.453659
Venezuela,VEN,2003,5.957754
Venezuela,VEN,2004,5.4199934
Venezuela,VEN,2005,5.536925
Venezuela,VEN,2006,5.7152987
Venezuela,VEN,2007,5.568385
Venezuela,VEN,2008,5.543136
Venezuela,VEN,2009,5.3395762
Venezuela,VEN,2010,6.570517
Venezuela,VEN,2011,5.770505
Venezuela,VEN,2012,5.945754
Venezuela,VEN,2013,6.633662
Venezuela,VEN,2014,5.816131
Venezuela,VEN,2015,5.43928
Venezuela,VEN,2016,4.963695
Venezuela,VEN,2017,4.5500402
Venezuela,VEN,2018,3.7314487
Venezuela,VEN,2019,3.638351
Venezuela,VEN,2020,2.8451347
Venezuela,VEN,2021,2.7785442
Venezuela,VEN,2022,3.1019287
Venezuela,VEN,2023,3.5182343
Vietnam,VNM,2000,0.69906276
Vietnam,VNM,2001,0.7821518
Vietnam,VNM,2002,0.88264406
Vietnam,VNM,2003,0.9710653
Vietnam,VNM,2004,1.1070497
Vietnam,VNM,2005,1.1819925
Vietnam,VNM,2006,1.2127889
Vietnam,VNM,2007,1.2127885
Vietnam,VNM,2008,1.341963
Vietnam,VNM,2009,1.4398962
Vietnam,VNM,2010,1.5958343
Vietnam,VNM,2011,1.7244632
Vietnam,VNM,2012,1.6118838
Vietnam,VNM,2013,1.6719987
Vietnam,VNM,2014,1.9630398
Vietnam,VNM,2015,2.298032
Vietnam,VNM,2016,2.3508487
Vietnam,VNM,2017,2.3914742
Vietnam,VNM,2018,2.6530128
Vietnam,VNM,2019,3.4901097
Vietnam,VNM,2020,3.6955829
Vietnam,VNM,2021,3.173522
Vietnam,VNM,2022,2.9858754
Vietnam,VNM,2023,3.335515
Zimbabwe,ZWE,2000,1.161666
Zimbabwe,ZWE,2001,1.0448444
Zimbabwe,ZWE,2002,0.9841349
Zimbabwe,ZWE,2003,0.86734307
Zimbabwe,ZWE,2004,0.7624744
Zimbabwe,ZWE,2005,0.85701835
Zimbabwe,ZWE,2006,0.8202858
Zimbabwe,ZWE,2007,0.7681306
Zimbabwe,ZWE,2008,0.5957278
Zimbabwe,ZWE,2009,0.6277054
Zimbabwe,ZWE,2010,0.655412
Zimbabwe,ZWE,2011,0.7622593
Zimbabwe,ZWE,2012,0.81443775
Zimbabwe,ZWE,2013,0.83285093
Zimbabwe,ZWE,2014,0.8408449
Zimbabwe,ZWE,2015,0.83456004
Zimbabwe,ZWE,2016,0.72471976
Zimbabwe,ZWE,2017,0.6634106
Zimbabwe,ZWE,2018,0.74531716
Zimbabwe,ZWE,2019,0.67204034
Zimbabwe,ZWE,2020,0.5470852
Zimbabwe,ZWE,2021,0.64591527
Zimbabwe,ZWE,2022,0.64876056
Zimbabwe,ZWE,2023,0.68320066
