Country Name,Year,CPIA_Value
Albania,2005,3.0
Angola,2005,2.5
Armenia,2005,2.5
Azerbaijan,2005,2.5
Bangladesh,2005,2.5
Benin,2005,3.5
Bhutan,2005,4.0
Bolivia,2005,3.0
Bosnia and Herzegovina,2005,3.0
Burkina Faso,2005,3.5
Burundi,2005,3.0
Cabo Verde,2005,4.5
Cambodia,2005,2.5
Cameroon,2005,2.5
Central African Republic,2005,2.5
Chad,2005,2.0
Comoros,2005,2.5
"Congo, Dem. Rep.",2005,2.0
"Congo, Rep.",2005,2.5
Cote d'Ivoire,2005,2.0
Djibouti,2005,2.5
Dominica,2005,4.0
Eritrea,2005,2.5
Ethiopia,2005,2.5
"Gambia, The",2005,2.0
Georgia,2005,3.5
Ghana,2005,3.5
Grenada,2005,4.0
Guinea,2005,2.5
Guinea-Bissau,2005,2.5
Guyana,2005,3.0
Haiti,2005,2.0
Honduras,2005,3.0
India,2005,3.5
Indonesia,2005,3.0
Kenya,2005,3.0
Kiribati,2005,3.5
Kyrgyz Republic,2005,2.5
Lao PDR,2005,2.0
Lesotho,2005,3.5
Madagascar,2005,3.5
Malawi,2005,3.0
Maldives,2005,3.0
Mali,2005,3.5
Mauritania,2005,2.5
Moldova,2005,3.0
Mongolia,2005,2.5
Mozambique,2005,3.0
Nepal,2005,2.5
Nicaragua,2005,3.5
Niger,2005,3.0
Nigeria,2005,3.0
Pakistan,2005,2.5
Papua New Guinea,2005,3.0
Rwanda,2005,3.0
Samoa,2005,4.0
Sao Tome and Principe,2005,3.5
Senegal,2005,3.0
Serbia,2005,3.0
Sierra Leone,2005,2.5
Solomon Islands,2005,3.0
Sri Lanka,2005,3.5
St. Lucia,2005,4.5
St. Vincent and the Grenadines,2005,4.0
Sudan,2005,2.0
Tajikistan,2005,2.0
Tanzania,2005,3.5
Togo,2005,2.0
Tonga,2005,2.0
Uganda,2005,3.0
Uzbekistan,2005,1.5
Vanuatu,2005,3.0
Viet Nam,2005,3.0
"Yemen, Rep.",2005,3.0
Zambia,2005,3.0
Zimbabwe,2005,1.5
Africa Eastern and Southern,2005,2.80555555555556
Africa Western and Central,2005,2.78947368421053
Arab World,2005,2.5
Caribbean small states,2005,3.9
Early-demographic dividend,2005,2.9
East Asia & Pacific,2005,2.86363636363636
East Asia & Pacific (excluding high income),2005,2.86363636363636
East Asia & Pacific (IDA & IBRD countries),2005,2.86363636363636
Europe & Central Asia,2005,2.65
Europe & Central Asia (excluding high income),2005,2.65
Europe & Central Asia (IDA & IBRD countries),2005,2.65
Fragile and conflict affected situations,2005,2.69565217391304
Heavily indebted poor countries (HIPC),2005,2.77777777777778
High income,2005,3.0
IBRD only,2005,2.92307692307692
IDA & IBRD total,2005,2.88815789473684
IDA blend,2005,3.11538461538462
IDA only,2005,2.82
IDA total,2005,2.88095238095238
Late-demographic dividend,2005,3.11538461538462
Latin America & Caribbean,2005,3.44444444444444
Latin America & Caribbean (excluding high income),2005,3.5
Latin America & the Caribbean (IDA & IBRD countries),2005,3.44444444444444
Least developed countries: UN classification,2005,2.75
Low & middle income,2005,2.88666666666667
Low income,2005,2.7
Lower middle income,2005,2.875
Middle East & North Africa,2005,2.75
Middle East & North Africa (excluding high income),2005,2.75
Middle East & North Africa (IDA & IBRD countries),2005,2.75
Middle income,2005,2.95454545454545
Other small states,2005,3.33333333333333
Pacific island small states,2005,3.1
Post-demographic dividend,2005,3.0
Pre-demographic dividend,2005,2.71666666666667
Small states,2005,3.4375
South Asia,2005,3.07142857142857
South Asia (IDA & IBRD),2005,3.07142857142857
Sub-Saharan Africa,2005,2.7972972972973
Sub-Saharan Africa (excluding high income),2005,2.7972972972973
Sub-Saharan Africa (IDA & IBRD countries),2005,2.7972972972973
Upper middle income,2005,3.16666666666667
World,2005,2.88815789473684
Afghanistan,2006,2.5
Albania,2006,2.5
Angola,2006,2.5
Armenia,2006,3.5
Azerbaijan,2006,2.5
Bangladesh,2006,2.5
Benin,2006,3.5
Bhutan,2006,4.0
Bolivia,2006,3.5
Bosnia and Herzegovina,2006,3.0
Burkina Faso,2006,3.0
Burundi,2006,2.5
Cabo Verde,2006,4.5
Cambodia,2006,2.5
Cameroon,2006,2.5
Central African Republic,2006,2.5
Chad,2006,2.0
Comoros,2006,2.5
"Congo, Dem. Rep.",2006,2.0
"Congo, Rep.",2006,2.5
Cote d'Ivoire,2006,2.0
Djibouti,2006,2.5
Dominica,2006,4.0
Eritrea,2006,2.5
Ethiopia,2006,2.5
"Gambia, The",2006,2.0
Georgia,2006,3.5
Ghana,2006,4.0
Grenada,2006,4.0
Guinea,2006,2.5
Guinea-Bissau,2006,2.5
Guyana,2006,3.0
Haiti,2006,2.0
Honduras,2006,3.0
India,2006,3.5
Indonesia,2006,3.0
Kenya,2006,3.0
Kiribati,2006,3.5
Kyrgyz Republic,2006,2.5
Lao PDR,2006,2.0
Lesotho,2006,3.5
Madagascar,2006,3.5
Malawi,2006,3.0
Maldives,2006,2.5
Mali,2006,3.5
Mauritania,2006,2.5
Moldova,2006,3.0
Mongolia,2006,2.5
Mozambique,2006,3.0
Nepal,2006,3.0
Nicaragua,2006,3.0
Niger,2006,3.0
Nigeria,2006,3.0
Pakistan,2006,2.5
Papua New Guinea,2006,3.0
Rwanda,2006,3.0
Samoa,2006,4.0
Sao Tome and Principe,2006,3.5
Senegal,2006,3.0
Serbia,2006,2.5
Sierra Leone,2006,2.5
Solomon Islands,2006,3.0
Sri Lanka,2006,3.5
St. Lucia,2006,4.5
St. Vincent and the Grenadines,2006,4.0
Sudan,2006,2.0
Tajikistan,2006,2.0
Tanzania,2006,3.5
Timor-Leste,2006,3.0
Togo,2006,2.0
Tonga,2006,2.0
Uganda,2006,3.0
Uzbekistan,2006,1.5
Vanuatu,2006,3.0
Viet Nam,2006,3.0
"Yemen, Rep.",2006,3.0
Zambia,2006,3.0
Zimbabwe,2006,1.0
Africa Eastern and Southern,2006,2.75
Africa Western and Central,2006,2.78947368421053
Arab World,2006,2.5
Caribbean small states,2006,3.9
Early-demographic dividend,2006,2.9
East Asia & Pacific,2006,2.875
East Asia & Pacific (excluding high income),2006,2.875
East Asia & Pacific (IDA & IBRD countries),2006,2.875
Europe & Central Asia,2006,2.65
Europe & Central Asia (excluding high income),2006,2.65
Europe & Central Asia (IDA & IBRD countries),2006,2.65
Fragile and conflict affected situations,2006,2.64
Heavily indebted poor countries (HIPC),2006,2.75675675675676
High income,2006,3.0
IBRD only,2006,2.96153846153846
IDA & IBRD total,2006,2.87179487179487
IDA blend,2006,3.07142857142857
IDA only,2006,2.79411764705882
IDA total,2006,2.85384615384615
Late-demographic dividend,2006,3.11538461538462
Latin America & Caribbean,2006,3.44444444444444
Latin America & Caribbean (excluding high income),2006,3.5
Latin America & the Caribbean (IDA & IBRD countries),2006,3.44444444444444
Least developed countries: UN classification,2006,2.7375
Low & middle income,2006,2.87012987012987
Low income,2006,2.64285714285714
Lower middle income,2006,2.89024390243902
Middle East & North Africa,2006,2.75
Middle East & North Africa (excluding high income),2006,2.75
Middle East & North Africa (IDA & IBRD countries),2006,2.75
Middle income,2006,2.95535714285714
Other small states,2006,3.21428571428571
Pacific island small states,2006,3.1
Post-demographic dividend,2006,3.0
Pre-demographic dividend,2006,2.6875
Small states,2006,3.38235294117647
South Asia,2006,3.0
South Asia (IDA & IBRD),2006,3.0
Sub-Saharan Africa,2006,2.77027027027027
Sub-Saharan Africa (excluding high income),2006,2.77027027027027
Sub-Saharan Africa (IDA & IBRD countries),2006,2.77027027027027
Upper middle income,2006,3.13333333333333
World,2006,2.87179487179487
Afghanistan,2007,2.0
Angola,2007,2.5
Armenia,2007,3.5
Azerbaijan,2007,2.5
Bangladesh,2007,3.0
Benin,2007,3.5
Bhutan,2007,4.0
Bolivia,2007,3.5
Bosnia and Herzegovina,2007,3.0
Burkina Faso,2007,3.0
Burundi,2007,2.0
Cabo Verde,2007,4.5
Cambodia,2007,2.5
Cameroon,2007,2.5
Central African Republic,2007,2.5
Chad,2007,2.0
Comoros,2007,2.5
"Congo, Dem. Rep.",2007,2.0
"Congo, Rep.",2007,2.5
Cote d'Ivoire,2007,2.0
Djibouti,2007,2.5
Dominica,2007,4.0
Eritrea,2007,2.0
Ethiopia,2007,2.5
"Gambia, The",2007,2.0
Georgia,2007,3.0
Ghana,2007,4.0
Grenada,2007,4.0
Guinea,2007,2.5
Guinea-Bissau,2007,2.5
Guyana,2007,3.0
Haiti,2007,2.0
Honduras,2007,3.0
India,2007,3.5
Kenya,2007,3.0
Kiribati,2007,3.5
Kyrgyz Republic,2007,2.5
Lao PDR,2007,2.0
Lesotho,2007,3.5
Madagascar,2007,3.5
Malawi,2007,3.0
Maldives,2007,2.5
Mali,2007,3.5
Mauritania,2007,3.0
Moldova,2007,3.0
Mongolia,2007,3.0
Mozambique,2007,3.0
Nepal,2007,3.0
Nicaragua,2007,3.0
Niger,2007,3.0
Nigeria,2007,3.0
Pakistan,2007,2.5
Papua New Guinea,2007,3.0
Rwanda,2007,3.5
Samoa,2007,4.0
Sao Tome and Principe,2007,3.5
Senegal,2007,3.0
Sierra Leone,2007,2.5
Solomon Islands,2007,3.0
Sri Lanka,2007,3.0
St. Lucia,2007,4.5
St. Vincent and the Grenadines,2007,4.0
Sudan,2007,2.0
Tajikistan,2007,2.0
Tanzania,2007,3.5
Timor-Leste,2007,3.0
Togo,2007,2.0
Tonga,2007,2.5
Uganda,2007,3.0
Uzbekistan,2007,1.5
Vanuatu,2007,3.0
Viet Nam,2007,3.0
"Yemen, Rep.",2007,3.0
Zambia,2007,3.0
Zimbabwe,2007,1.0
Africa Eastern and Southern,2007,2.72222222222222
Africa Western and Central,2007,2.81578947368421
Arab World,2007,2.6
Caribbean small states,2007,3.9
Early-demographic dividend,2007,2.94827586206897
East Asia & Pacific,2007,2.95454545454545
East Asia & Pacific (excluding high income),2007,2.95454545454545
East Asia & Pacific (IDA & IBRD countries),2007,2.95454545454545
Europe & Central Asia,2007,2.625
Europe & Central Asia (excluding high income),2007,2.625
Europe & Central Asia (IDA & IBRD countries),2007,2.625
Fragile and conflict affected situations,2007,2.58
Heavily indebted poor countries (HIPC),2007,2.74324324324324
High income,2007,3.0
IBRD only,2007,3.05
IDA & IBRD total,2007,2.88
IDA blend,2007,3.07142857142857
IDA only,2007,2.79411764705882
IDA total,2007,2.85384615384615
Late-demographic dividend,2007,3.18181818181818
Latin America & Caribbean,2007,3.44444444444444
Latin America & Caribbean (excluding high income),2007,3.5
Latin America & the Caribbean (IDA & IBRD countries),2007,3.44444444444444
Least developed countries: UN classification,2007,2.7375
Low & middle income,2007,2.87837837837838
Low income,2007,2.5952380952381
Lower middle income,2007,2.90243902439024
Middle East & North Africa,2007,2.75
Middle East & North Africa (excluding high income),2007,2.75
Middle East & North Africa (IDA & IBRD countries),2007,2.75
Middle income,2007,2.99056603773585
Other small states,2007,3.21428571428571
Pacific island small states,2007,3.2
Post-demographic dividend,2007,3.0
Pre-demographic dividend,2007,2.65625
Small states,2007,3.41176470588235
South Asia,2007,2.9375
South Asia (IDA & IBRD),2007,2.9375
Sub-Saharan Africa,2007,2.77027027027027
Sub-Saharan Africa (excluding high income),2007,2.77027027027027
Sub-Saharan Africa (IDA & IBRD countries),2007,2.77027027027027
Upper middle income,2007,3.29166666666667
World,2007,2.88
Afghanistan,2008,2.0
Angola,2008,2.5
Armenia,2008,3.0
Azerbaijan,2008,2.5
Bangladesh,2008,3.0
Benin,2008,3.5
Bhutan,2008,4.0
Bolivia,2008,3.5
Bosnia and Herzegovina,2008,3.0
Burkina Faso,2008,3.0
Burundi,2008,2.0
Cabo Verde,2008,4.5
Cambodia,2008,2.5
Cameroon,2008,2.5
Central African Republic,2008,2.5
Chad,2008,2.0
Comoros,2008,2.5
"Congo, Dem. Rep.",2008,2.0
"Congo, Rep.",2008,2.5
Cote d'Ivoire,2008,2.5
Djibouti,2008,2.5
Dominica,2008,4.0
Eritrea,2008,2.0
Ethiopia,2008,2.5
"Gambia, The",2008,2.0
Georgia,2008,3.0
Ghana,2008,4.0
Grenada,2008,4.0
Guinea,2008,2.0
Guinea-Bissau,2008,2.5
Guyana,2008,3.0
Haiti,2008,2.0
Honduras,2008,3.0
India,2008,3.5
Kenya,2008,3.0
Kiribati,2008,3.0
Kyrgyz Republic,2008,2.5
Lao PDR,2008,2.0
Lesotho,2008,3.5
Madagascar,2008,3.5
Malawi,2008,3.0
Maldives,2008,2.5
Mali,2008,3.5
Mauritania,2008,2.5
Moldova,2008,3.0
Mongolia,2008,3.0
Mozambique,2008,3.0
Nepal,2008,3.0
Nicaragua,2008,3.0
Niger,2008,3.0
Nigeria,2008,3.0
Pakistan,2008,2.5
Papua New Guinea,2008,3.0
Rwanda,2008,3.5
Samoa,2008,4.0
Sao Tome and Principe,2008,3.5
Senegal,2008,3.0
Sierra Leone,2008,2.5
Solomon Islands,2008,3.0
Sri Lanka,2008,3.0
St. Lucia,2008,4.5
St. Vincent and the Grenadines,2008,4.0
Sudan,2008,2.0
Tajikistan,2008,2.0
Tanzania,2008,3.0
Timor-Leste,2008,3.0
Togo,2008,2.0
Tonga,2008,3.5
Uganda,2008,3.0
Uzbekistan,2008,1.5
Vanuatu,2008,3.0
Viet Nam,2008,3.0
"Yemen, Rep.",2008,3.0
Zambia,2008,3.0
Zimbabwe,2008,1.0
Africa Eastern and Southern,2008,2.69444444444444
Africa Western and Central,2008,2.78947368421053
Arab World,2008,2.5
Caribbean small states,2008,3.9
Early-demographic dividend,2008,2.96551724137931
East Asia & Pacific,2008,3.0
East Asia & Pacific (excluding high income),2008,3.0
East Asia & Pacific (IDA & IBRD countries),2008,3.0
Europe & Central Asia,2008,2.5625
Europe & Central Asia (excluding high income),2008,2.5625
Europe & Central Asia (IDA & IBRD countries),2008,2.5625
Fragile and conflict affected situations,2008,2.56
Heavily indebted poor countries (HIPC),2008,2.71621621621622
High income,2008,3.0
IBRD only,2008,3.0
IDA & IBRD total,2008,2.86666666666667
IDA blend,2008,3.07142857142857
IDA only,2008,2.7843137254902
IDA total,2008,2.84615384615385
Late-demographic dividend,2008,3.13636363636364
Latin America & Caribbean,2008,3.44444444444444
Latin America & Caribbean (excluding high income),2008,3.5
Latin America & the Caribbean (IDA & IBRD countries),2008,3.44444444444444
Least developed countries: UN classification,2008,2.6875
Low & middle income,2008,2.86486486486486
Low income,2008,2.5952380952381
Lower middle income,2008,2.86585365853659
Middle East & North Africa,2008,2.75
Middle East & North Africa (excluding high income),2008,2.75
Middle East & North Africa (IDA & IBRD countries),2008,2.75
Middle income,2008,2.97169811320755
Other small states,2008,3.21428571428571
Pacific island small states,2008,3.3
Post-demographic dividend,2008,3.0
Pre-demographic dividend,2008,2.625
Small states,2008,3.44117647058824
South Asia,2008,2.9375
South Asia (IDA & IBRD),2008,2.9375
Sub-Saharan Africa,2008,2.74324324324324
Sub-Saharan Africa (excluding high income),2008,2.74324324324324
Sub-Saharan Africa (IDA & IBRD countries),2008,2.74324324324324
Upper middle income,2008,3.33333333333333
World,2008,2.86666666666667
Afghanistan,2009,2.0
Angola,2009,2.5
Armenia,2009,3.0
Azerbaijan,2009,2.5
Bangladesh,2009,3.0
Benin,2009,3.5
Bhutan,2009,4.5
Bolivia,2009,3.5
Bosnia and Herzegovina,2009,3.0
Burkina Faso,2009,3.5
Burundi,2009,2.0
Cabo Verde,2009,4.5
Cambodia,2009,2.0
Cameroon,2009,2.5
Central African Republic,2009,2.5
Chad,2009,2.0
Comoros,2009,2.5
"Congo, Dem. Rep.",2009,2.0
"Congo, Rep.",2009,2.5
Cote d'Ivoire,2009,2.5
Djibouti,2009,2.5
Dominica,2009,4.0
Eritrea,2009,2.0
Ethiopia,2009,2.5
"Gambia, The",2009,2.0
Georgia,2009,3.0
Ghana,2009,4.0
Grenada,2009,4.0
Guinea,2009,2.0
Guinea-Bissau,2009,2.5
Guyana,2009,3.0
Haiti,2009,2.5
Honduras,2009,3.0
India,2009,3.5
Kenya,2009,3.0
Kiribati,2009,3.0
Kosovo,2009,3.0
Kyrgyz Republic,2009,2.5
Lao PDR,2009,2.0
Lesotho,2009,3.5
Liberia,2009,3.0
Madagascar,2009,2.5
Malawi,2009,3.0
Maldives,2009,3.0
Mali,2009,3.5
Mauritania,2009,2.5
Moldova,2009,3.0
Mongolia,2009,3.0
Mozambique,2009,3.0
Nepal,2009,3.0
Nicaragua,2009,3.0
Niger,2009,2.5
Nigeria,2009,3.0
Pakistan,2009,2.5
Papua New Guinea,2009,3.0
Rwanda,2009,3.5
Samoa,2009,4.0
Sao Tome and Principe,2009,3.5
Senegal,2009,3.0
Sierra Leone,2009,3.0
Solomon Islands,2009,3.0
Sri Lanka,2009,3.0
St. Lucia,2009,4.5
St. Vincent and the Grenadines,2009,4.0
Sudan,2009,1.5
Tajikistan,2009,2.0
Tanzania,2009,3.0
Timor-Leste,2009,3.0
Togo,2009,2.0
Tonga,2009,3.5
Uganda,2009,2.5
Uzbekistan,2009,1.5
Vanuatu,2009,3.0
Viet Nam,2009,3.0
"Yemen, Rep.",2009,3.0
Zambia,2009,3.0
Zimbabwe,2009,1.5
Africa Eastern and Southern,2009,2.61111111111111
Africa Western and Central,2009,2.825
Arab World,2009,2.4
Caribbean small states,2009,3.9
Early-demographic dividend,2009,3.01724137931034
East Asia & Pacific,2009,2.95454545454545
East Asia & Pacific (excluding high income),2009,2.95454545454545
East Asia & Pacific (IDA & IBRD countries),2009,2.95454545454545
Europe & Central Asia,2009,2.61111111111111
Europe & Central Asia (excluding high income),2009,2.61111111111111
Europe & Central Asia (IDA & IBRD countries),2009,2.61111111111111
Fragile and conflict affected situations,2009,2.59615384615385
Heavily indebted poor countries (HIPC),2009,2.69736842105263
High income,2009,3.0
IBRD only,2009,3.0
IDA & IBRD total,2009,2.87012987012987
IDA blend,2009,3.10714285714286
IDA only,2009,2.78301886792453
IDA total,2009,2.85074626865672
Late-demographic dividend,2009,3.13636363636364
Latin America & Caribbean,2009,3.5
Latin America & Caribbean (excluding high income),2009,3.5625
Latin America & the Caribbean (IDA & IBRD countries),2009,3.5
Least developed countries: UN classification,2009,2.65853658536585
Low & middle income,2009,2.86842105263158
Low income,2009,2.54545454545455
Lower middle income,2009,2.89024390243902
Middle East & North Africa,2009,2.75
Middle East & North Africa (excluding high income),2009,2.75
Middle East & North Africa (IDA & IBRD countries),2009,2.75
Middle income,2009,3.0
Other small states,2009,3.35714285714286
Pacific island small states,2009,3.3
Post-demographic dividend,2009,3.0
Pre-demographic dividend,2009,2.59090909090909
Small states,2009,3.5
South Asia,2009,3.0625
South Asia (IDA & IBRD),2009,3.0625
Sub-Saharan Africa,2009,2.72368421052632
Sub-Saharan Africa (excluding high income),2009,2.72368421052632
Sub-Saharan Africa (IDA & IBRD countries),2009,2.72368421052632
Upper middle income,2009,3.34615384615385
World,2009,2.87012987012987
Afghanistan,2010,2.0
Angola,2010,2.5
Armenia,2010,3.0
Azerbaijan,2010,2.5
Bangladesh,2010,3.0
Benin,2010,3.5
Bhutan,2010,4.5
Bolivia,2010,3.5
Bosnia and Herzegovina,2010,3.0
Burkina Faso,2010,3.5
Burundi,2010,2.0
Cabo Verde,2010,4.5
Cambodia,2010,2.0
Cameroon,2010,2.5
Central African Republic,2010,2.5
Chad,2010,2.0
Comoros,2010,2.5
"Congo, Dem. Rep.",2010,2.0
"Congo, Rep.",2010,2.5
Cote d'Ivoire,2010,2.0
Djibouti,2010,2.5
Dominica,2010,4.0
Eritrea,2010,2.0
Ethiopia,2010,2.5
"Gambia, The",2010,2.0
Georgia,2010,3.5
Ghana,2010,4.0
Grenada,2010,4.0
Guinea,2010,2.0
Guinea-Bissau,2010,2.5
Guyana,2010,2.5
Haiti,2010,2.5
Honduras,2010,3.0
India,2010,3.5
Kenya,2010,3.0
Kiribati,2010,3.0
Kosovo,2010,3.0
Kyrgyz Republic,2010,2.5
Lao PDR,2010,2.5
Lesotho,2010,3.5
Liberia,2010,3.0
Madagascar,2010,2.5
Malawi,2010,3.0
Maldives,2010,3.0
Mali,2010,3.5
Mauritania,2010,2.5
Moldova,2010,3.0
Mongolia,2010,3.0
Mozambique,2010,3.0
Nepal,2010,2.5
Nicaragua,2010,2.5
Niger,2010,3.0
Nigeria,2010,3.0
Pakistan,2010,2.5
Papua New Guinea,2010,3.0
Rwanda,2010,3.5
Samoa,2010,4.0
Sao Tome and Principe,2010,3.5
Senegal,2010,3.0
Sierra Leone,2010,3.0
Solomon Islands,2010,3.0
Sri Lanka,2010,3.0
St. Lucia,2010,4.5
St. Vincent and the Grenadines,2010,4.0
Sudan,2010,1.5
Tajikistan,2010,2.0
Tanzania,2010,2.5
Timor-Leste,2010,3.0
Togo,2010,2.5
Tonga,2010,3.5
Uganda,2010,2.5
Uzbekistan,2010,1.5
Vanuatu,2010,3.0
Viet Nam,2010,3.0
"Yemen, Rep.",2010,2.5
Zambia,2010,2.5
Zimbabwe,2010,1.5
Africa Eastern and Southern,2010,2.55555555555556
Africa Western and Central,2010,2.85
Arab World,2010,2.3
Caribbean small states,2010,3.8
Early-demographic dividend,2010,2.98275862068966
East Asia & Pacific,2010,3.0
East Asia & Pacific (excluding high income),2010,3.0
East Asia & Pacific (IDA & IBRD countries),2010,3.0
Europe & Central Asia,2010,2.66666666666667
Europe & Central Asia (excluding high income),2010,2.66666666666667
Europe & Central Asia (IDA & IBRD countries),2010,2.66666666666667
Fragile and conflict affected situations,2010,2.59615384615385
Heavily indebted poor countries (HIPC),2010,2.65789473684211
High income,2010,2.5
IBRD only,2010,3.05
IDA & IBRD total,2010,2.85064935064935
IDA blend,2010,3.10714285714286
IDA only,2010,2.74528301886792
IDA total,2010,2.82089552238806
Late-demographic dividend,2010,3.13636363636364
Latin America & Caribbean,2010,3.38888888888889
Latin America & Caribbean (excluding high income),2010,3.5
Latin America & the Caribbean (IDA & IBRD countries),2010,3.38888888888889
Least developed countries: UN classification,2010,2.64634146341463
Low & middle income,2010,2.85526315789474
Low income,2010,2.56818181818182
Lower middle income,2010,2.84146341463415
Middle East & North Africa,2010,2.5
Middle East & North Africa (excluding high income),2010,2.5
Middle East & North Africa (IDA & IBRD countries),2010,2.5
Middle income,2010,2.97222222222222
Other small states,2010,3.35714285714286
Pacific island small states,2010,3.3
Post-demographic dividend,2010,3.0
Pre-demographic dividend,2010,2.57575757575758
Small states,2010,3.47058823529412
South Asia,2010,3.0
South Asia (IDA & IBRD),2010,3.0
Sub-Saharan Africa,2010,2.71052631578947
Sub-Saharan Africa (excluding high income),2010,2.71052631578947
Sub-Saharan Africa (IDA & IBRD countries),2010,2.71052631578947
Upper middle income,2010,3.38461538461538
World,2010,2.85064935064935
Afghanistan,2011,2.0
Angola,2011,2.5
Armenia,2011,3.0
Bangladesh,2011,2.5
Benin,2011,3.5
Bhutan,2011,4.5
Bolivia,2011,3.5
Bosnia and Herzegovina,2011,3.0
Burkina Faso,2011,3.5
Burundi,2011,2.0
Cabo Verde,2011,4.5
Cambodia,2011,2.0
Cameroon,2011,2.5
Central African Republic,2011,2.5
Chad,2011,2.0
Comoros,2011,2.5
"Congo, Dem. Rep.",2011,2.0
"Congo, Rep.",2011,2.5
Cote d'Ivoire,2011,2.5
Djibouti,2011,2.5
Dominica,2011,4.0
Eritrea,2011,2.0
Ethiopia,2011,3.0
"Gambia, The",2011,2.5
Georgia,2011,3.5
Ghana,2011,4.0
Grenada,2011,4.0
Guinea,2011,2.0
Guinea-Bissau,2011,2.5
Guyana,2011,2.5
Haiti,2011,2.5
Honduras,2011,3.0
India,2011,3.5
Kenya,2011,3.0
Kiribati,2011,3.5
Kosovo,2011,3.0
Kyrgyz Republic,2011,2.5
Lao PDR,2011,2.5
Lesotho,2011,3.5
Liberia,2011,3.0
Madagascar,2011,2.5
Malawi,2011,3.0
Maldives,2011,3.0
Mali,2011,3.5
Marshall Islands,2011,3.5
Mauritania,2011,2.5
"Micronesia, Fed. Sts.",2011,3.0
Moldova,2011,3.5
Mongolia,2011,3.5
Mozambique,2011,3.0
Nepal,2011,3.0
Nicaragua,2011,2.5
Niger,2011,3.0
Nigeria,2011,3.0
Pakistan,2011,2.5
Papua New Guinea,2011,3.0
Rwanda,2011,3.5
Samoa,2011,4.0
Sao Tome and Principe,2011,3.5
Senegal,2011,3.5
Sierra Leone,2011,3.0
Solomon Islands,2011,3.0
Sri Lanka,2011,3.0
St. Lucia,2011,4.5
St. Vincent and the Grenadines,2011,4.0
Sudan,2011,1.5
Tajikistan,2011,2.5
Tanzania,2011,3.0
Timor-Leste,2011,2.5
Togo,2011,2.5
Tonga,2011,3.5
Uganda,2011,2.5
Uzbekistan,2011,2.0
Vanuatu,2011,3.0
Viet Nam,2011,3.0
"Yemen, Rep.",2011,2.5
Zambia,2011,2.5
Zimbabwe,2011,1.5
Africa Eastern and Southern,2011,2.61111111111111
Africa Western and Central,2011,2.925
Arab World,2011,2.3
Caribbean small states,2011,3.8
Early-demographic dividend,2011,3.05
East Asia & Pacific,2011,3.07692307692308
East Asia & Pacific (excluding high income),2011,3.07692307692308
East Asia & Pacific (IDA & IBRD countries),2011,3.07692307692308
Europe & Central Asia,2011,2.875
Europe & Central Asia (excluding high income),2011,2.875
Europe & Central Asia (IDA & IBRD countries),2011,2.875
Fragile and conflict affected situations,2011,2.66071428571429
Heavily indebted poor countries (HIPC),2011,2.72368421052632
High income,2011,2.5
IBRD only,2011,3.22222222222222
IDA & IBRD total,2011,2.92307692307692
IDA blend,2011,3.10714285714286
IDA only,2011,2.82727272727273
IDA total,2011,2.88405797101449
Late-demographic dividend,2011,3.3
Latin America & Caribbean,2011,3.38888888888889
Latin America & Caribbean (excluding high income),2011,3.5
Latin America & the Caribbean (IDA & IBRD countries),2011,3.38888888888889
Least developed countries: UN classification,2011,2.69512195121951
Low & middle income,2011,2.92857142857143
Low income,2011,2.61363636363636
Lower middle income,2011,2.9047619047619
Middle East & North Africa,2011,2.5
Middle East & North Africa (excluding high income),2011,2.5
Middle East & North Africa (IDA & IBRD countries),2011,2.5
Middle income,2011,3.05454545454545
Other small states,2011,3.28571428571429
Pacific island small states,2011,3.35714285714286
Post-demographic dividend,2011,3.0
Pre-demographic dividend,2011,2.62121212121212
Small states,2011,3.44736842105263
South Asia,2011,3.0
South Asia (IDA & IBRD),2011,3.0
Sub-Saharan Africa,2011,2.77631578947368
Sub-Saharan Africa (excluding high income),2011,2.77631578947368
Sub-Saharan Africa (IDA & IBRD countries),2011,2.77631578947368
Upper middle income,2011,3.53846153846154
World,2011,2.92307692307692
Afghanistan,2012,2.0
Angola,2012,2.5
Armenia,2012,3.5
Bangladesh,2012,2.5
Benin,2012,3.5
Bhutan,2012,4.5
Bolivia,2012,3.5
Bosnia and Herzegovina,2012,3.0
Burkina Faso,2012,3.5
Burundi,2012,2.0
Cabo Verde,2012,4.5
Cambodia,2012,2.0
Cameroon,2012,2.5
Central African Republic,2012,2.5
Chad,2012,2.0
Comoros,2012,2.5
"Congo, Dem. Rep.",2012,2.0
"Congo, Rep.",2012,2.0
Cote d'Ivoire,2012,2.5
Djibouti,2012,2.5
Dominica,2012,4.0
Eritrea,2012,2.0
Ethiopia,2012,3.0
"Gambia, The",2012,2.0
Georgia,2012,3.5
Ghana,2012,4.0
Grenada,2012,4.0
Guinea,2012,2.0
Guinea-Bissau,2012,2.0
Guyana,2012,2.5
Haiti,2012,2.5
Honduras,2012,3.0
India,2012,3.5
Kenya,2012,3.0
Kiribati,2012,3.5
Kosovo,2012,3.0
Kyrgyz Republic,2012,3.0
Lao PDR,2012,2.5
Lesotho,2012,3.5
Liberia,2012,3.0
Madagascar,2012,2.5
Malawi,2012,3.0
Maldives,2012,3.0
Mali,2012,3.0
Marshall Islands,2012,3.5
Mauritania,2012,2.5
"Micronesia, Fed. Sts.",2012,3.5
Moldova,2012,3.5
Mongolia,2012,3.5
Mozambique,2012,3.0
Nepal,2012,3.0
Nicaragua,2012,2.5
Niger,2012,3.0
Nigeria,2012,3.0
Pakistan,2012,2.5
Papua New Guinea,2012,3.0
Rwanda,2012,3.5
Samoa,2012,4.0
Sao Tome and Principe,2012,3.5
Senegal,2012,3.5
Sierra Leone,2012,3.0
Solomon Islands,2012,3.0
South Sudan,2012,2.0
Sri Lanka,2012,3.0
St. Lucia,2012,4.5
St. Vincent and the Grenadines,2012,4.0
Sudan,2012,1.5
Tajikistan,2012,2.5
Tanzania,2012,3.0
Timor-Leste,2012,2.5
Togo,2012,2.5
Tonga,2012,3.5
Tuvalu,2012,3.0
Uganda,2012,2.0
Uzbekistan,2012,2.0
Vanuatu,2012,3.5
Viet Nam,2012,3.0
"Yemen, Rep.",2012,2.0
Zambia,2012,3.0
Zimbabwe,2012,1.5
Africa Eastern and Southern,2012,2.57894736842105
Africa Western and Central,2012,2.825
Arab World,2012,2.2
Caribbean small states,2012,3.8
Early-demographic dividend,2012,3.06666666666667
East Asia & Pacific,2012,3.14285714285714
East Asia & Pacific (excluding high income),2012,3.14285714285714
East Asia & Pacific (IDA & IBRD countries),2012,3.14285714285714
Europe & Central Asia,2012,3.0
Europe & Central Asia (excluding high income),2012,3.0
Europe & Central Asia (IDA & IBRD countries),2012,3.0
Fragile and conflict affected situations,2012,2.6
Heavily indebted poor countries (HIPC),2012,2.67105263157895
High income,2012,2.5
IBRD only,2012,3.27777777777778
IDA & IBRD total,2012,2.90625
IDA blend,2012,3.07142857142857
IDA only,2012,2.80701754385965
IDA total,2012,2.85915492957746
Late-demographic dividend,2012,3.4
Latin America & Caribbean,2012,3.38888888888889
Latin America & Caribbean (excluding high income),2012,3.5
Latin America & the Caribbean (IDA & IBRD countries),2012,3.38888888888889
Least developed countries: UN classification,2012,2.63953488372093
Low & middle income,2012,2.91139240506329
Low income,2012,2.47826086956522
Lower middle income,2012,2.94047619047619
Middle East & North Africa,2012,2.25
Middle East & North Africa (excluding high income),2012,2.25
Middle East & North Africa (IDA & IBRD countries),2012,2.25
Middle income,2012,3.08928571428571
Other small states,2012,3.28571428571429
Pacific island small states,2012,3.4375
Post-demographic dividend,2012,3.0
Pre-demographic dividend,2012,2.54411764705882
Small states,2012,3.475
South Asia,2012,3.0
South Asia (IDA & IBRD),2012,3.0
Sub-Saharan Africa,2012,2.70512820512821
Sub-Saharan Africa (excluding high income),2012,2.70512820512821
Sub-Saharan Africa (IDA & IBRD countries),2012,2.70512820512821
Upper middle income,2012,3.53571428571429
World,2012,2.90625
Afghanistan,2013,2.0
Angola,2013,2.5
Armenia,2013,3.5
Bangladesh,2013,2.5
Benin,2013,3.5
Bhutan,2013,4.5
Bolivia,2013,3.5
Bosnia and Herzegovina,2013,3.0
Burkina Faso,2013,3.5
Burundi,2013,2.0
Cabo Verde,2013,4.5
Cambodia,2013,2.0
Cameroon,2013,2.5
Central African Republic,2013,2.5
Chad,2013,2.0
Comoros,2013,2.5
"Congo, Dem. Rep.",2013,2.0
"Congo, Rep.",2013,2.0
Cote d'Ivoire,2013,3.0
Djibouti,2013,2.5
Dominica,2013,4.0
Eritrea,2013,2.0
Ethiopia,2013,3.0
"Gambia, The",2013,2.0
Georgia,2013,3.5
Ghana,2013,4.0
Grenada,2013,4.0
Guinea,2013,2.5
Guinea-Bissau,2013,2.0
Guyana,2013,3.0
Haiti,2013,2.5
Honduras,2013,3.0
India,2013,3.5
Kenya,2013,3.0
Kiribati,2013,3.5
Kosovo,2013,3.0
Kyrgyz Republic,2013,3.0
Lao PDR,2013,2.5
Lesotho,2013,3.5
Liberia,2013,3.0
Madagascar,2013,2.0
Malawi,2013,2.5
Maldives,2013,3.0
Mali,2013,3.0
Marshall Islands,2013,3.5
Mauritania,2013,2.5
"Micronesia, Fed. Sts.",2013,3.5
Moldova,2013,3.5
Mongolia,2013,3.5
Mozambique,2013,3.0
Myanmar,2013,2.5
Nepal,2013,3.0
Nicaragua,2013,3.0
Niger,2013,3.0
Nigeria,2013,3.0
Pakistan,2013,2.5
Papua New Guinea,2013,3.0
Rwanda,2013,3.5
Samoa,2013,4.0
Sao Tome and Principe,2013,3.5
Senegal,2013,3.5
Sierra Leone,2013,3.0
Solomon Islands,2013,3.0
South Sudan,2013,2.0
Sri Lanka,2013,3.0
St. Lucia,2013,4.5
St. Vincent and the Grenadines,2013,4.0
Sudan,2013,1.5
Tajikistan,2013,2.5
Tanzania,2013,3.0
Timor-Leste,2013,2.5
Togo,2013,2.5
Tonga,2013,3.5
Tuvalu,2013,3.0
Uganda,2013,2.0
Uzbekistan,2013,2.0
Vanuatu,2013,3.5
Viet Nam,2013,3.0
"Yemen, Rep.",2013,2.0
Zambia,2013,3.0
Zimbabwe,2013,1.5
Africa Eastern and Southern,2013,2.52631578947368
Africa Western and Central,2013,2.875
Arab World,2013,2.2
Caribbean small states,2013,3.9
Early-demographic dividend,2013,3.06451612903226
East Asia & Pacific,2013,3.1
East Asia & Pacific (excluding high income),2013,3.1
East Asia & Pacific (IDA & IBRD countries),2013,3.1
Europe & Central Asia,2013,3.0
Europe & Central Asia (excluding high income),2013,3.0
Europe & Central Asia (IDA & IBRD countries),2013,3.0
Fragile and conflict affected situations,2013,2.59677419354839
Heavily indebted poor countries (HIPC),2013,2.69736842105263
High income,2013,3.0
IBRD only,2013,3.27777777777778
IDA & IBRD total,2013,2.91358024691358
IDA blend,2013,3.07142857142857
IDA only,2013,2.81896551724138
IDA total,2013,2.86805555555556
Late-demographic dividend,2013,3.45
Latin America & Caribbean,2013,3.5
Latin America & Caribbean (excluding high income),2013,3.5625
Latin America & the Caribbean (IDA & IBRD countries),2013,3.5
Least developed countries: UN classification,2013,2.625
Low & middle income,2013,2.9125
Low income,2013,2.43478260869565
Lower middle income,2013,2.96511627906977
Middle East & North Africa,2013,2.25
Middle East & North Africa (excluding high income),2013,2.25
Middle East & North Africa (IDA & IBRD countries),2013,2.25
Middle income,2013,3.10526315789474
Other small states,2013,3.28571428571429
Pacific island small states,2013,3.4375
Post-demographic dividend,2013,3.0
Pre-demographic dividend,2013,2.54411764705882
Small states,2013,3.5
South Asia,2013,3.0
South Asia (IDA & IBRD),2013,3.0
Sub-Saharan Africa,2013,2.70512820512821
Sub-Saharan Africa (excluding high income),2013,2.70512820512821
Sub-Saharan Africa (IDA & IBRD countries),2013,2.70512820512821
Upper middle income,2013,3.53571428571429
World,2013,2.91358024691358
Afghanistan,2014,2.0
Bangladesh,2014,2.5
Benin,2014,3.5
Bhutan,2014,4.5
Bolivia,2014,3.5
Burkina Faso,2014,3.5
Burundi,2014,2.5
Cabo Verde,2014,4.5
Cambodia,2014,2.0
Cameroon,2014,2.5
Central African Republic,2014,2.5
Chad,2014,2.5
Comoros,2014,2.5
"Congo, Dem. Rep.",2014,2.0
"Congo, Rep.",2014,2.0
Cote d'Ivoire,2014,3.0
Djibouti,2014,2.5
Dominica,2014,4.0
Eritrea,2014,2.0
Ethiopia,2014,3.0
"Gambia, The",2014,2.0
Ghana,2014,3.5
Grenada,2014,4.0
Guinea,2014,2.5
Guinea-Bissau,2014,2.0
Guyana,2014,3.0
Haiti,2014,2.5
Honduras,2014,3.0
Kenya,2014,3.0
Kiribati,2014,3.5
Kosovo,2014,3.0
Kyrgyz Republic,2014,3.0
Lao PDR,2014,2.5
Lesotho,2014,3.0
Liberia,2014,3.0
Madagascar,2014,2.5
Malawi,2014,2.5
Maldives,2014,3.0
Mali,2014,3.0
Marshall Islands,2014,3.5
Mauritania,2014,3.0
"Micronesia, Fed. Sts.",2014,3.5
Moldova,2014,3.0
Mongolia,2014,3.5
Mozambique,2014,3.0
Myanmar,2014,3.0
Nepal,2014,3.0
Nicaragua,2014,3.0
Niger,2014,3.0
Nigeria,2014,3.0
Pakistan,2014,2.5
Papua New Guinea,2014,3.0
Rwanda,2014,3.5
Samoa,2014,4.0
Sao Tome and Principe,2014,3.5
Senegal,2014,3.5
Sierra Leone,2014,3.0
Solomon Islands,2014,3.0
South Sudan,2014,2.0
Sri Lanka,2014,3.0
St. Lucia,2014,4.5
St. Vincent and the Grenadines,2014,4.0
Sudan,2014,1.5
Tajikistan,2014,2.5
Tanzania,2014,3.0
Timor-Leste,2014,2.5
Togo,2014,2.5
Tonga,2014,3.5
Tuvalu,2014,3.5
Uganda,2014,2.0
Uzbekistan,2014,2.0
Vanuatu,2014,3.0
Viet Nam,2014,3.0
"Yemen, Rep.",2014,2.0
Zambia,2014,3.0
Zimbabwe,2014,1.5
Africa Eastern and Southern,2014,2.55555555555556
Africa Western and Central,2014,2.9
Arab World,2014,2.3
Caribbean small states,2014,3.9
Early-demographic dividend,2014,3.01666666666667
East Asia & Pacific,2014,3.13333333333333
East Asia & Pacific (excluding high income),2014,3.13333333333333
East Asia & Pacific (IDA & IBRD countries),2014,3.13333333333333
Europe & Central Asia,2014,2.7
Europe & Central Asia (excluding high income),2014,2.7
Europe & Central Asia (IDA & IBRD countries),2014,2.7
Fragile and conflict affected situations,2014,2.66129032258065
Heavily indebted poor countries (HIPC),2014,2.73684210526316
High income,2014,3.0
IBRD only,2014,3.25
IDA & IBRD total,2014,2.90789473684211
IDA blend,2014,3.07142857142857
IDA only,2014,2.8448275862069
IDA total,2014,2.88888888888889
Late-demographic dividend,2014,3.375
Latin America & Caribbean,2014,3.5
Latin America & Caribbean (excluding high income),2014,3.5625
Latin America & the Caribbean (IDA & IBRD countries),2014,3.5
Least developed countries: UN classification,2014,2.68604651162791
Low & middle income,2014,2.90666666666667
Low income,2014,2.5
Lower middle income,2014,2.95121951219512
Middle East & North Africa,2014,2.25
Middle East & North Africa (excluding high income),2014,2.25
Middle East & North Africa (IDA & IBRD countries),2014,2.25
Middle income,2014,3.08653846153846
Other small states,2014,3.28571428571429
Pacific island small states,2014,3.4375
Pre-demographic dividend,2014,2.60606060606061
Small states,2014,3.5
South Asia,2014,2.92857142857143
South Asia (IDA & IBRD),2014,2.92857142857143
Sub-Saharan Africa,2014,2.73684210526316
Sub-Saharan Africa (excluding high income),2014,2.73684210526316
Sub-Saharan Africa (IDA & IBRD countries),2014,2.73684210526316
Upper middle income,2014,3.59090909090909
World,2014,2.90789473684211
Afghanistan,2015,2.0
Bangladesh,2015,2.5
Benin,2015,3.5
Bhutan,2015,4.5
Bolivia,2015,3.0
Burkina Faso,2015,3.5
Burundi,2015,2.0
Cabo Verde,2015,4.5
Cambodia,2015,2.0
Cameroon,2015,2.5
Central African Republic,2015,2.5
Chad,2015,2.5
Comoros,2015,2.5
"Congo, Dem. Rep.",2015,2.0
"Congo, Rep.",2015,2.0
Cote d'Ivoire,2015,3.0
Djibouti,2015,2.5
Dominica,2015,4.0
Eritrea,2015,2.0
Ethiopia,2015,3.0
"Gambia, The",2015,2.0
Ghana,2015,3.5
Grenada,2015,4.0
Guinea,2015,2.5
Guinea-Bissau,2015,2.0
Guyana,2015,3.0
Haiti,2015,2.5
Honduras,2015,3.0
Kenya,2015,3.0
Kiribati,2015,3.5
Kosovo,2015,3.0
Kyrgyz Republic,2015,3.0
Lao PDR,2015,2.5
Lesotho,2015,3.0
Liberia,2015,3.0
Madagascar,2015,2.5
Malawi,2015,2.5
Maldives,2015,3.0
Mali,2015,3.0
Marshall Islands,2015,3.5
Mauritania,2015,3.0
"Micronesia, Fed. Sts.",2015,3.5
Moldova,2015,2.5
Mongolia,2015,3.5
Mozambique,2015,2.5
Myanmar,2015,3.0
Nepal,2015,3.0
Nicaragua,2015,3.0
Niger,2015,3.0
Nigeria,2015,3.0
Pakistan,2015,3.0
Papua New Guinea,2015,3.0
Rwanda,2015,3.5
Samoa,2015,4.0
Sao Tome and Principe,2015,3.5
Senegal,2015,3.5
Sierra Leone,2015,3.0
Solomon Islands,2015,3.0
South Sudan,2015,1.5
Sri Lanka,2015,3.0
St. Lucia,2015,4.5
St. Vincent and the Grenadines,2015,4.0
Sudan,2015,1.5
Tajikistan,2015,2.5
Tanzania,2015,3.0
Timor-Leste,2015,2.5
Togo,2015,2.5
Tonga,2015,3.5
Tuvalu,2015,3.5
Uganda,2015,2.0
Uzbekistan,2015,2.0
Vanuatu,2015,3.0
Viet Nam,2015,3.0
"Yemen, Rep.",2015,1.5
Zambia,2015,3.0
Zimbabwe,2015,2.0
Africa Eastern and Southern,2015,2.5
Africa Western and Central,2015,2.9
Arab World,2015,2.2
Caribbean small states,2015,3.9
Early-demographic dividend,2015,3.01666666666667
East Asia & Pacific,2015,3.13333333333333
East Asia & Pacific (excluding high income),2015,3.13333333333333
East Asia & Pacific (IDA & IBRD countries),2015,3.13333333333333
Europe & Central Asia,2015,2.6
Europe & Central Asia (excluding high income),2015,2.6
Europe & Central Asia (IDA & IBRD countries),2015,2.6
Fragile and conflict affected situations,2015,2.61290322580645
Heavily indebted poor countries (HIPC),2015,2.69736842105263
High income,2015,3.0
IBRD only,2015,3.0
IDA & IBRD total,2015,2.88157894736842
IDA blend,2015,3.14285714285714
IDA only,2015,2.81034482758621
IDA total,2015,2.875
Late-demographic dividend,2015,3.3125
Latin America & Caribbean,2015,3.44444444444444
Latin America & Caribbean (excluding high income),2015,3.5
Latin America & the Caribbean (IDA & IBRD countries),2015,3.44444444444444
Least developed countries: UN classification,2015,2.63953488372093
Low & middle income,2015,2.88
Low income,2015,2.41304347826087
Lower middle income,2015,2.96341463414634
Middle East & North Africa,2015,2.0
Middle East & North Africa (excluding high income),2015,2.0
Middle East & North Africa (IDA & IBRD countries),2015,2.0
Middle income,2015,3.08653846153846
Other small states,2015,3.28571428571429
Pacific island small states,2015,3.4375
Pre-demographic dividend,2015,2.56060606060606
Small states,2015,3.5
South Asia,2015,3.0
South Asia (IDA & IBRD),2015,3.0
Sub-Saharan Africa,2015,2.71052631578947
Sub-Saharan Africa (excluding high income),2015,2.71052631578947
Sub-Saharan Africa (IDA & IBRD countries),2015,2.71052631578947
Upper middle income,2015,3.54545454545455
World,2015,2.88157894736842
